date,open,close,high,low,volume,amount
2024-01-02,3.222,3.173,3.222,3.171,9429306,3269676679.0
2024-01-03,3.166,3.163,3.18,3.148,10617503,3654757871.0
2024-01-04,3.162,3.133,3.162,3.107,16661525,5674869534.0
2024-01-05,3.124,3.116,3.159,3.097,16996697,5796964474.0
2024-01-08,3.109,3.069,3.123,3.066,17304244,5816612453.0
2024-01-09,3.071,3.077,3.091,3.059,11312178,3794394933.0
2024-01-10,3.07,3.061,3.101,3.052,9582541,3211385597.0
2024-01-11,3.061,3.08,3.1,3.054,12662372,4254642486.0
2024-01-12,3.071,3.069,3.097,3.066,8413273,2826380699.0
2024-01-15,3.05,3.065,3.095,3.044,9055706,3030920178.0
2024-01-16,3.06,3.087,3.088,3.046,17689524,5925099758.0
2024-01-17,3.077,3.012,3.077,3.01,12862152,4278633103.0
2024-01-18,3.007,3.057,3.064,2.955,47543511,15257021704.0
2024-01-19,3.038,3.064,3.074,3.031,36944521,12079016731.0
2024-01-22,3.054,2.995,3.064,2.982,46470565,15113081733.0
2024-01-23,2.988,3.017,3.036,2.975,13924804,4481443569.0
2024-01-24,3.028,3.068,3.069,2.977,22789369,7373901841.0
2024-01-25,3.059,3.124,3.129,3.05,16487014,5449682868.0
2024-01-26,3.117,3.118,3.139,3.101,21833051,7273329362.0
2024-01-29,3.12,3.088,3.134,3.087,10113930,3358335864.0
2024-01-30,3.07,3.032,3.087,3.03,18892623,6186331951.0
2024-01-31,3.022,3.011,3.038,2.986,19090997,6157214385.0
2024-02-01,2.989,3.007,3.037,2.979,18909976,6091552415.0
2024-02-02,3.007,2.977,3.021,2.891,25386942,8074716502.0
2024-02-05,2.947,2.997,3.023,2.9,26601787,8439536816.0
2024-02-06,2.974,3.1,3.103,2.971,20089182,6562526022.0
2024-02-07,3.099,3.129,3.131,3.076,34658147,11514587248.0
2024-02-08,3.141,3.151,3.155,3.122,23942620,8019665628.0
2024-02-19,3.163,3.178,3.181,3.144,14861876,5016056179.0
2024-02-20,3.172,3.19,3.194,3.161,9801668,3322077448.0
2024-02-21,3.177,3.238,3.285,3.171,16009581,5528334980.0
2024-02-22,3.236,3.264,3.266,3.23,9446351,3270537309.0
2024-02-23,3.264,3.267,3.286,3.253,10908774,3794512188.0
2024-02-26,3.265,3.232,3.271,3.226,11172368,3865703825.0
2024-02-27,3.224,3.273,3.275,3.222,10468849,3620336718.0
2024-02-28,3.276,3.237,3.303,3.235,28549979,9926190298.0
2024-02-29,3.229,3.292,3.296,3.226,14835850,5163736038.0
2024-03-01,3.29,3.319,3.329,3.284,12256393,4311480716.0
2024-03-04,3.315,3.316,3.326,3.297,10146550,3576642516.0
2024-03-05,3.304,3.345,3.355,3.297,27991019,9924986737.0
2024-03-06,3.34,3.331,3.361,3.327,12995274,4612496593.0
2024-03-07,3.33,3.312,3.349,3.304,10589480,3740550493.0
2024-03-08,3.314,3.322,3.329,3.293,8621877,3038389403.0
2024-03-11,3.32,3.37,3.373,3.319,11207615,3980306236.0
2024-03-12,3.372,3.375,3.388,3.357,11058396,3962320648.0
2024-03-13,3.374,3.354,3.374,3.344,6858706,2448621615.0
2024-03-14,3.349,3.341,3.376,3.324,7018811,2499760281.0
2024-03-15,3.331,3.35,3.355,3.311,8490238,3005272035.0
2024-03-18,3.35,3.381,3.382,3.35,7873329,2817049387.0
2024-03-19,3.375,3.358,3.389,3.354,6548752,2344663833.0
2024-03-20,3.35,3.361,3.371,3.347,5379620,1920793104.0
2024-03-21,3.369,3.359,3.383,3.354,6197332,2218906080.0
2024-03-22,3.356,3.328,3.357,3.301,14506378,5127448694.0
2024-03-25,3.319,3.309,3.344,3.306,6305427,2227919111.0
2024-03-26,3.309,3.32,3.327,3.301,8791033,3098650769.0
2024-03-27,3.315,3.282,3.321,3.281,8746475,3074186800.0
2024-03-28,3.28,3.299,3.333,3.27,10319251,3626832966.0
2024-03-29,3.296,3.315,3.319,3.294,6511959,2290152714.0
2024-04-01,3.329,3.373,3.383,3.328,10932625,3911633845.0
2024-04-02,3.372,3.361,3.376,3.35,5831914,2083908476.0
2024-04-03,3.359,3.347,3.361,3.337,5983464,2129802753.0
2024-04-08,3.339,3.318,3.345,3.313,7099487,2511699150.0
2024-04-09,3.316,3.312,3.323,3.301,5345371,1882130476.0
2024-04-10,3.313,3.286,3.313,3.269,6816711,2385834189.0
2024-04-11,3.27,3.283,3.302,3.264,5391159,1884073688.0
2024-04-12,3.283,3.255,3.294,3.246,7405129,2575786145.0
2024-04-15,3.255,3.328,3.334,3.253,10999537,3869936517.0
2024-04-16,3.313,3.296,3.324,3.28,9132298,3210005558.0
2024-04-17,3.296,3.342,3.346,3.28,9964664,3514407052.0
2024-04-18,3.333,3.348,3.383,3.33,9302193,3319194193.0
2024-04-19,3.334,3.32,3.343,3.307,6442757,2277856492.0
2024-04-22,3.319,3.313,3.341,3.307,7251824,2562064527.0
2024-04-23,3.313,3.288,3.319,3.282,9428474,3302843911.0
2024-04-24,3.294,3.302,3.306,3.278,5942319,2081789894.0
2024-04-25,3.292,3.312,3.326,3.284,6647552,2337486533.0
2024-04-26,3.313,3.362,3.37,3.313,13743140,4889467155.0
2024-04-29,3.366,3.405,3.427,3.361,15303224,5523568416.0
2024-04-30,3.404,3.387,3.413,3.385,8231090,2971763282.0
2024-05-06,3.429,3.437,3.453,3.424,13090611,4778963455.0
2024-05-07,3.434,3.439,3.445,3.426,6860184,2503006857.0
2024-05-08,3.432,3.41,3.433,3.407,6387759,2318202807.0
2024-05-09,3.409,3.445,3.451,3.408,6502023,2372500248.0
2024-05-10,3.452,3.447,3.459,3.42,8650954,3157134930.0
2024-05-13,3.426,3.444,3.455,3.408,7411594,2701728525.0
2024-05-14,3.444,3.438,3.459,3.427,5876668,2144402883.0
2024-05-15,3.436,3.412,3.44,3.406,8559463,3109209781.0
2024-05-16,3.419,3.424,3.44,3.41,10511975,3822598483.0
2024-05-17,3.424,3.465,3.468,3.412,9320469,3401620100.0
2024-05-20,3.471,3.473,3.489,3.459,9365359,3450627455.0
2024-05-21,3.468,3.461,3.472,3.449,4969839,1824951018.0
2024-05-22,3.459,3.469,3.478,3.452,6766846,2488949571.0
2024-05-23,3.46,3.432,3.463,3.42,6988061,2548466424.0
2024-05-24,3.421,3.391,3.439,3.387,8412742,3048259226.0
2024-05-27,3.394,3.421,3.423,3.39,6696225,2421614804.0
2024-05-28,3.42,3.398,3.422,3.391,5317532,1923959394.0
2024-05-29,3.397,3.399,3.422,3.39,6152451,2225724205.0
2024-05-30,3.392,3.385,3.414,3.377,7779253,2801007806.0
2024-05-31,3.391,3.371,3.405,3.369,7232183,2602439724.0
2024-06-03,3.369,3.376,3.388,3.354,7075116,2533469501.0
2024-06-04,3.374,3.401,3.413,3.368,6817379,2455442420.0
2024-06-05,3.402,3.388,3.411,3.386,5839394,2108415409.0
2024-06-06,3.395,3.388,3.419,3.374,10266993,3703349866.0
2024-06-07,3.391,3.365,3.399,3.344,10281271,3679748332.0
2024-06-11,3.356,3.34,3.358,3.322,8799170,3120655858.0
2024-06-12,3.333,3.336,3.345,3.325,5698353,2021361645.0
2024-06-13,3.344,3.323,3.347,3.314,5488037,1942881857.0
2024-06-14,3.316,3.343,3.347,3.306,6741040,2384388229.0
2024-06-17,3.326,3.333,3.342,3.321,3930172,1393127820.0
2024-06-18,3.338,3.344,3.354,3.332,5490352,1951607303.0
2024-06-19,3.346,3.334,3.35,3.329,5308595,1883345443.0
2024-06-20,3.332,3.311,3.34,3.305,5546558,1957492953.0
2024-06-21,3.306,3.305,3.314,3.282,19658677,6909858710.0
2024-06-24,3.291,3.288,3.315,3.282,20875455,7315197212.0
2024-06-25,3.284,3.267,3.293,3.248,17384585,6057065481.0
2024-06-26,3.259,3.288,3.296,3.253,10454895,3639499501.0
2024-06-27,3.279,3.269,3.285,3.263,14337049,4995169625.0
2024-06-28,3.263,3.276,3.3,3.262,12755434,4457663634.0
2024-07-01,3.276,3.29,3.296,3.256,8536040,2977313191.0
2024-07-02,3.283,3.285,3.3,3.278,5992049,2097312039.0
2024-07-03,3.283,3.279,3.292,3.269,7914240,2761083445.0
2024-07-04,3.282,3.264,3.298,3.262,15599237,5436186195.0
2024-07-05,3.259,3.247,3.267,3.217,16363845,5643439643.0
2024-07-08,3.24,3.223,3.247,3.215,9426255,3240708452.0
2024-07-09,3.218,3.26,3.273,3.207,10688956,3689270214.0
2024-07-10,3.253,3.252,3.271,3.249,5792821,2010659819.0
2024-07-11,3.279,3.298,3.308,3.266,10524378,3685787239.0
2024-07-12,3.3,3.308,3.313,3.294,8723694,3066853429.0
2024-07-15,3.3,3.315,3.32,3.297,12550082,4423002980.0
2024-07-16,3.309,3.34,3.344,3.306,16125087,5710212236.0
2024-07-17,3.338,3.345,3.359,3.329,22565644,8028962162.0
2024-07-18,3.33,3.366,3.368,3.321,19611815,6976289739.0
2024-07-19,3.354,3.389,3.395,3.341,31696626,11368072270.0
2024-07-22,3.384,3.36,3.387,3.34,17163073,6131911990.0
2024-07-23,3.355,3.29,3.36,3.287,9195337,3244779189.0
2024-07-24,3.284,3.268,3.298,3.255,14910835,5196094516.0
2024-07-25,3.253,3.248,3.265,3.23,20455525,7073298526.0
2024-07-26,3.249,3.263,3.272,3.241,13579703,4708501591.0
2024-07-29,3.259,3.243,3.261,3.242,5949376,2058113230.0
2024-07-30,3.235,3.22,3.235,3.206,15250861,5228653801.0
2024-07-31,3.22,3.297,3.299,3.216,15389083,5353003146.0
2024-08-01,3.291,3.272,3.304,3.27,7965404,2783731528.0
2024-08-02,3.249,3.236,3.272,3.23,12997733,4492045041.0
2024-08-05,3.22,3.197,3.263,3.196,20183109,6920794410.0
2024-08-06,3.217,3.197,3.227,3.17,12936275,4403870273.0
2024-08-07,3.19,3.19,3.214,3.18,6125438,2088374404.0
2024-08-08,3.185,3.194,3.218,3.172,8541072,2910131505.0
2024-08-09,3.205,3.182,3.219,3.181,6040536,2060032809.0
2024-08-12,3.18,3.178,3.191,3.172,5102200,1730501718.0
2024-08-13,3.18,3.183,3.187,3.161,6958063,2355493509.0
2024-08-14,3.184,3.159,3.184,3.158,5610998,1895836817.0
2024-08-15,3.154,3.197,3.212,3.15,19046381,6477429750.0
2024-08-16,3.193,3.199,3.211,3.187,16407617,5598868064.0
2024-08-19,3.198,3.208,3.233,3.196,7478253,2564014063.0
2024-08-20,3.213,3.192,3.215,3.177,15944748,5419638977.0
2024-08-21,3.18,3.177,3.195,3.163,10553698,3580301585.0
2024-08-22,3.179,3.168,3.184,3.16,12504794,4229630780.0
2024-08-23,3.16,3.182,3.194,3.16,8203428,2781431192.0
2024-08-26,3.184,3.183,3.196,3.167,14006799,4747763549.0
2024-08-27,3.176,3.166,3.179,3.156,12142201,4098131754.0
2024-08-28,3.159,3.146,3.166,3.134,19955803,6698906857.0
2024-08-29,3.138,3.136,3.151,3.129,15082477,5052924865.0
2024-08-30,3.131,3.181,3.212,3.131,17858998,6055678708.0
2024-09-02,3.17,3.121,3.172,3.119,11333065,3798026307.0
2024-09-03,3.119,3.133,3.141,3.117,12935523,4323110376.0
2024-09-04,3.12,3.112,3.132,3.11,6803058,2264442533.0
2024-09-05,3.115,3.119,3.129,3.109,16005558,5326213535.0
2024-09-06,3.124,3.091,3.134,3.089,7933157,2635539673.0
2024-09-09,3.081,3.05,3.085,3.039,10188971,3333497562.0
2024-09-10,3.052,3.05,3.064,3.028,8666554,2821540043.0
2024-09-11,3.042,3.043,3.056,3.03,7808902,2540394225.0
2024-09-12,3.048,3.032,3.061,3.03,6423793,2090444738.0
2024-09-13,3.034,3.017,3.046,3.016,8504681,2758508174.0
2024-09-18,3.016,3.027,3.04,3.004,12254391,3961249915.0
2024-09-19,3.032,3.054,3.075,3.005,16348870,5332278336.0
2024-09-20,3.047,3.063,3.068,3.028,23065620,7514201387.0
2024-09-23,3.058,3.072,3.089,3.052,8973165,2948484470.0
2024-09-24,3.103,3.216,3.218,3.082,39185162,13212614699.0
2024-09-25,3.278,3.263,3.333,3.256,32373469,11342949010.0
2024-09-26,3.257,3.429,3.432,3.256,44429621,15792061339.0
2024-09-27,3.489,3.658,3.722,3.459,25594612,9610052344.0
2024-09-30,3.796,4.022,4.029,3.665,63702341,25799279642.0
2024-10-08,4.445,4.201,4.445,3.997,86298224,38303717305.0
2024-10-09,4.074,3.811,4.074,3.794,54091966,22450547643.0
2024-10-10,3.859,3.875,3.974,3.788,37790001,15473060494.0
2024-10-11,3.846,3.766,3.849,3.712,40900777,16347430929.0
2024-10-14,3.776,3.829,3.849,3.735,31049317,12444027076.0
2024-10-15,3.803,3.72,3.835,3.716,26138707,10426846503.0
2024-10-16,3.68,3.695,3.749,3.671,21611196,8450464021.0
2024-10-17,3.719,3.652,3.749,3.651,29354356,11450617810.0
2024-10-18,3.647,3.805,3.907,3.635,36209179,14349439594.0
2024-10-21,3.806,3.805,3.849,3.769,25293364,10167737315.0
2024-10-22,3.791,3.829,3.835,3.79,16669245,6711416525.0
2024-10-23,3.829,3.844,3.886,3.81,22666292,9196021921.0
2024-10-24,3.827,3.8,3.831,3.782,15982487,6418011399.0
2024-10-25,3.801,3.829,3.867,3.792,16852658,6801807389.0
2024-10-28,3.824,3.835,3.836,3.789,13963081,5622580497.0
2024-10-29,3.839,3.802,3.868,3.792,17946282,7237339621.0
2024-10-30,3.79,3.76,3.8,3.734,18128591,7210707530.0
2024-10-31,3.758,3.76,3.796,3.727,17636493,7004839523.0
2024-11-01,3.753,3.768,3.807,3.75,18177560,7259471612.0
2024-11-04,3.771,3.821,3.823,3.76,12493144,4997179234.0
2024-11-05,3.813,3.926,3.928,3.799,27630144,11308231751.0
2024-11-06,3.926,3.9,3.969,3.874,21734248,8976072158.0
2024-11-07,3.869,4.037,4.039,3.865,27887189,11598082835.0
2024-11-08,4.071,3.983,4.079,3.967,28080232,11867165449.0
2024-11-11,3.941,4.004,4.008,3.919,23043651,9617369865.0
2024-11-12,3.999,3.958,4.057,3.934,23041668,9698713979.0
2024-11-13,3.939,3.984,3.995,3.935,15727943,6569000903.0
2024-11-14,3.977,3.913,3.992,3.906,14438853,6015521584.0
2024-11-15,3.903,3.844,3.923,3.839,16769935,6875318302.0
2024-11-18,3.86,3.827,3.907,3.802,16100926,6552723785.0
2024-11-19,3.829,3.847,3.85,3.77,16705449,6731130787.0
2024-11-20,3.835,3.857,3.874,3.827,15485304,6285302021.0
2024-11-21,3.849,3.862,3.871,3.837,10454707,4249179703.0
2024-11-22,3.86,3.742,3.863,3.735,17571913,7058103342.0
2024-11-25,3.744,3.72,3.761,3.683,13590858,5349569691.0
2024-11-26,3.703,3.712,3.745,3.702,7847079,3086739740.0
2024-11-27,3.705,3.776,3.781,3.69,14519874,5739351636.0
2024-11-28,3.773,3.747,3.778,3.737,10724073,4256335685.0
2024-11-29,3.749,3.79,3.836,3.746,15297716,6126864756.0
2024-12-02,3.786,3.82,3.832,3.776,9816348,3948066718.0
2024-12-03,3.819,3.824,3.841,3.794,15244237,6140454912.0
2024-12-04,3.819,3.803,3.83,3.792,10069479,4047901833.0
2024-12-05,3.795,3.796,3.811,3.783,7595229,3042872203.0
2024-12-06,3.796,3.846,3.874,3.795,17762294,7198784380.0
2024-12-09,3.843,3.843,3.869,3.819,12464187,5050072365.0
2024-12-10,3.968,3.874,3.987,3.862,24827953,10257484391.0
2024-12-11,3.867,3.864,3.883,3.854,12587160,5136178221.0
2024-12-12,3.866,3.906,3.911,3.855,13601804,5577925837.0
2024-12-13,3.881,3.809,3.881,3.801,23465697,9490500688.0
2024-12-16,3.807,3.785,3.81,3.775,9893231,3956401792.0
2024-12-17,3.782,3.796,3.832,3.78,13646692,5482919074.0
2024-12-18,3.809,3.813,3.828,3.804,10236096,4121893615.0
2024-12-19,3.789,3.819,3.827,3.77,9903622,3977931242.0
2024-12-20,3.813,3.807,3.834,3.801,12230620,4921231692.0
2024-12-23,3.806,3.811,3.842,3.804,14247022,5749434770.0
2024-12-24,3.813,3.858,3.865,3.811,14563434,5907574012.0
2024-12-25,3.861,3.861,3.883,3.843,14181375,5775975676.0
2024-12-26,3.861,3.862,3.868,3.845,9470234,3855435790.0
2024-12-27,3.865,3.856,3.888,3.85,10869639,4428609591.0
2024-12-30,3.855,3.875,3.882,3.854,13119335,5359063002.0
2024-12-31,3.876,3.811,3.883,3.809,18436188,7479851076.0
2025-01-02,3.809,3.698,3.81,3.67,21729803,8582891966.0
2025-01-03,3.698,3.658,3.71,3.642,15930226,6191152281.0
2025-01-06,3.654,3.642,3.662,3.617,12986739,5000830631.0
2025-01-07,3.634,3.669,3.671,3.625,9689740,3741067135.0
2025-01-08,3.659,3.663,3.688,3.604,14097968,5440502616.0
2025-01-09,3.652,3.655,3.669,3.646,8060658,3119907404.0
2025-01-10,3.654,3.612,3.664,3.611,8265725,3179602825.0
2025-01-13,3.59,3.597,3.615,3.582,9493947,3613570705.0
2025-01-14,3.604,3.695,3.707,3.598,16445462,6369926277.0
2025-01-15,3.685,3.672,3.693,3.666,7420496,2886729493.0
2025-01-16,3.685,3.674,3.722,3.65,11090052,4322396833.0
2025-01-17,3.664,3.687,3.711,3.657,8476993,3304922190.0
2025-01-20,3.71,3.706,3.738,3.697,9202943,3619235609.0
2025-01-21,3.726,3.711,3.73,3.694,7439264,2916284005.0
2025-01-22,3.705,3.675,3.705,3.657,10996807,4270106497.0
2025-01-23,3.704,3.686,3.747,3.683,10385928,4075002566.0
2025-01-24,3.678,3.718,3.732,3.672,11436475,4485387449.0
2025-01-27,3.725,3.696,3.734,3.693,13053850,5123431141.0
2025-02-05,3.719,3.676,3.723,3.668,7515497,2927530877.0
2025-02-06,3.673,3.721,3.726,3.67,13886365,5435915349.0
2025-02-07,3.722,3.777,3.803,3.715,19306314,7669642167.0
2025-02-10,3.778,3.781,3.789,3.763,12672646,5055466090.0
2025-02-11,3.786,3.765,3.787,3.752,9990359,3973032663.0
2025-02-12,3.763,3.803,3.808,3.749,9789537,3903102518.0
2025-02-13,3.798,3.793,3.823,3.787,11758227,4719508133.0
2025-02-14,3.789,3.823,3.829,3.786,12924287,5196144834.0
2025-02-17,3.833,3.83,3.842,3.801,13341020,5380966546.0
2025-02-18,3.824,3.801,3.847,3.785,12465911,5027787885.0
2025-02-19,3.794,3.822,3.83,3.789,10190769,4102654822.0
2025-02-20,3.818,3.81,3.822,3.797,10186035,4094980472.0
2025-02-21,3.821,3.864,3.869,3.809,14372665,5834090272.0
2025-02-24,3.859,3.851,3.878,3.83,15385782,6256202737.0
2025-02-25,3.824,3.81,3.84,3.797,8924900,3596194905.0
2025-02-26,3.817,3.843,3.844,3.808,13456581,5430499637.0
2025-02-27,3.845,3.856,3.858,3.817,11285856,4570197712.0
2025-02-28,3.838,3.783,3.854,3.771,13293340,5343803359.0
2025-03-03,3.784,3.77,3.816,3.755,11457686,4581300848.0
2025-03-04,3.749,3.766,3.773,3.741,10121848,4019370464.0
2025-03-05,3.769,3.783,3.788,3.757,11919016,4748819507.0
2025-03-06,3.804,3.838,3.851,3.8,13710079,5540793752.0
2025-03-07,3.829,3.828,3.85,3.819,11559971,4671741021.0
2025-03-10,3.826,3.812,3.831,3.788,14427837,5792520821.0
2025-03-11,3.783,3.824,3.825,3.779,10029170,4027510341.0
2025-03-12,3.827,3.814,3.839,3.807,6092317,2456951615.0
2025-03-13,3.813,3.794,3.822,3.782,6410438,2572874364.0
2025-03-14,3.801,3.895,3.902,3.799,19037183,7767222868.0
2025-03-17,3.907,3.883,3.912,3.877,11330420,4647468370.0
2025-03-18,3.897,3.892,3.904,3.88,8114043,3329371908.0
2025-03-19,3.887,3.898,3.91,3.873,8798313,3609853058.0
2025-03-20,3.898,3.865,3.898,3.857,8751426,3573521339.0
2025-03-21,3.852,3.799,3.868,3.789,10149157,4092584085.0
2025-03-24,3.798,3.816,3.82,3.793,7912221,3179823658.0
2025-03-25,3.817,3.818,3.828,3.806,6115316,2463223975.0
2025-03-26,3.814,3.802,3.829,3.799,7742554,3114333330.0
2025-03-27,3.8,3.816,3.839,3.784,8015252,3224972886.0
2025-03-28,3.816,3.797,3.818,3.789,7043048,2826192921.0
2025-03-31,3.793,3.773,3.813,3.758,9021729,3600807135.0
2025-04-01,3.777,3.771,3.792,3.768,6150155,2452333015.0
2025-04-02,3.772,3.768,3.785,3.76,6291176,2505793835.0
2025-04-03,3.737,3.748,3.769,3.732,11143308,4411676416.0
2025-04-07,3.589,3.484,3.629,3.393,65609880,24314516116.0
2025-04-08,3.487,3.519,3.528,3.46,58535333,21668647143.0
2025-04-09,3.484,3.555,3.563,3.467,16982014,6334479041.0
2025-04-10,3.606,3.618,3.636,3.587,14296317,5465041115.0
2025-04-11,3.599,3.629,3.64,3.589,8619842,3298517131.0
2025-04-14,3.648,3.637,3.654,3.631,9415710,3627429751.0
2025-04-15,3.633,3.64,3.646,3.614,9817935,3773853446.0
2025-04-16,3.63,3.649,3.658,3.6,21771337,8373466072.0
2025-04-17,3.631,3.652,3.66,3.63,13873406,5357723628.0
2025-04-18,3.646,3.662,3.668,3.636,13780507,5327127532.0
2025-04-21,3.654,3.664,3.675,3.646,7126315,2762708291.0
2025-04-22,3.664,3.667,3.682,3.662,7520436,2919236921.0
2025-04-23,3.681,3.671,3.696,3.662,6155041,2391310228.0
2025-04-24,3.671,3.671,3.692,3.66,4873615,1894334207.0
2025-04-25,3.676,3.671,3.688,3.664,5771935,2243036186.0
2025-04-28,3.672,3.665,3.675,3.653,6247090,2421364302.0
2025-04-29,3.663,3.658,3.669,3.651,4947350,1914265261.0
2025-04-30,3.659,3.655,3.675,3.653,5004537,1937487287.0
2025-05-06,3.675,3.692,3.695,3.669,7178253,2795762534.0
2025-05-07,3.739,3.716,3.751,3.699,10470812,4110994908.0
2025-05-08,3.707,3.739,3.755,3.707,7820057,3087094214.0
2025-05-09,3.735,3.734,3.739,3.721,6933748,2734071470.0
2025-05-12,3.752,3.779,3.781,3.746,8365002,3327197559.0
2025-05-13,3.8,3.783,3.801,3.777,7934009,3170416334.0
2025-05-14,3.784,3.834,3.855,3.781,12147902,4893477242.0
2025-05-15,3.827,3.8,3.83,3.793,8177224,3287897242.0
2025-05-16,3.791,3.778,3.798,3.766,7302837,2913902471.0
2025-05-19,3.773,3.772,3.777,3.754,5562981,2212057936.0
2025-05-20,3.773,3.792,3.805,3.769,5499875,2198868086.0
2025-05-21,3.793,3.808,3.82,3.792,5606031,2253851046.0
2025-05-22,3.807,3.806,3.816,3.792,4919320,1975447858.0
2025-05-23,3.801,3.777,3.828,3.776,8450891,3391996057.0
2025-05-26,3.771,3.756,3.782,3.745,7404857,2939168237.0
2025-05-27,3.754,3.735,3.758,3.728,5782884,2285272068.0
2025-05-28,3.736,3.731,3.745,3.727,5399202,2130111536.0
2025-05-29,3.734,3.755,3.768,3.728,8910394,3531865335.0
2025-05-30,3.748,3.748,3.753,3.721,7370307,2910576351.0
2025-06-03,3.735,3.746,3.761,3.731,5967868,2361902723.0
2025-06-04,3.748,3.763,3.774,3.747,4645434,1846404388.0
2025-06-05,3.767,3.773,3.783,3.756,5319657,2116243913.0
2025-06-06,3.776,3.775,3.788,3.767,4888808,1948178948.0
2025-06-09,3.778,3.784,3.799,3.773,5810982,2322756628.0
2025-06-10,3.786,3.761,3.794,3.747,7710518,3069054930.0
2025-06-11,3.763,3.793,3.813,3.763,11035095,4422015632.0
2025-06-12,3.787,3.795,3.802,3.769,6900872,2758909222.0
2025-06-13,3.787,3.769,3.791,3.756,6980168,2779843230.0
2025-06-16,3.763,3.779,3.783,3.76,6493267,2586770171.0
2025-06-17,3.78,3.778,3.786,3.763,4828913,1925078391.0
2025-06-18,3.78,3.781,3.787,3.759,4808034,1874167101.0
2025-06-19,3.775,3.75,3.776,3.74,6007886,2331339243.0
2025-06-20,3.749,3.755,3.765,3.748,4230441,1641824026.0
2025-06-23,3.746,3.768,3.779,3.739,7492447,2908735828.0
2025-06-24,3.773,3.813,3.827,3.773,12245549,4815432117.0
2025-06-25,3.816,3.878,3.88,3.812,17241161,6841352725.0
2025-06-26,3.872,3.863,3.881,3.862,9379679,3745893284.0
2025-06-27,3.867,3.84,3.89,3.835,10696914,4258505726.0
2025-06-30,3.838,3.859,3.862,3.833,10819590,4300171928.0
2025-07-01,3.857,3.865,3.869,3.846,6406861,2551468709.0
2025-07-02,3.862,3.869,3.876,3.852,5188835,2069608324.0
2025-07-03,3.871,3.892,3.897,3.868,6863819,2748927253.0
2025-07-04,3.888,3.909,3.942,3.881,10525621,4241383565.0
2025-07-07,3.903,3.891,3.909,3.882,4022514,1614976763.0
2025-07-08,3.893,3.925,3.933,3.89,6122487,2473798113.0
2025-07-09,3.925,3.922,3.946,3.917,6476608,2626402688.0
2025-07-10,3.922,3.942,3.967,3.921,6323877,2569715942.0
2025-07-11,3.943,3.956,4.007,3.942,12648551,5184103110.0
2025-07-14,3.955,3.955,3.971,3.953,8205479,3351107668.0
2025-07-15,3.959,3.955,3.981,3.93,8074813,3292797650.0
2025-07-16,3.956,3.946,3.97,3.933,4791819,1951853024.0
2025-07-17,3.946,3.979,3.98,3.945,5978225,2443096232.0
2025-07-18,3.985,4.009,4.013,3.982,7131296,2940955208.0
2025-07-21,4.014,4.034,4.037,4.011,7674613,3184284274.0
2025-07-22,4.036,4.078,4.08,4.019,10821091,4516788944.0
2025-07-23,4.081,4.076,4.111,4.065,9947315,4188253000.0
2025-07-24,4.072,4.102,4.105,4.067,8852360,3729028292.0
2025-07-25,4.102,4.08,4.102,4.07,8200860,3452281674.0
2025-07-28,4.08,4.091,4.1,4.063,6027713,2535151857.0
2025-07-29,4.085,4.112,4.113,4.069,8059786,3395606595.0
2025-07-30,4.104,4.109,4.142,4.084,9502522,4023783503.0
2025-07-31,4.098,4.032,4.098,4.019,11229126,4687659264.0
2025-08-01,4.025,4.01,4.039,3.995,6115671,2531113831.0
2025-08-04,3.999,4.029,4.031,3.994,4355672,1801388564.0
2025-08-05,4.031,4.06,4.062,4.028,5480681,2282989180.0
2025-08-06,4.058,4.071,4.076,4.053,4089449,1713095761.0
2025-08-07,4.073,4.07,4.087,4.048,5339656,2236786690.0
2025-08-08,4.065,4.06,4.078,4.052,4230624,1771777749.0
2025-08-11,4.06,4.079,4.095,4.06,6881519,2891923703.0
2025-08-12,4.077,4.105,4.114,4.077,4824872,2036818306.0
2025-08-13,4.111,4.14,4.149,4.106,7588408,3227703467.0
2025-08-14,4.142,4.133,4.18,4.125,8879344,3797429985.0
2025-08-15,4.119,4.172,4.179,4.117,10718339,4584387161.0
2025-08-18,4.175,4.204,4.237,4.162,10092475,4362087157.0
2025-08-19,4.203,4.182,4.224,4.174,7743324,3347920291.0
2025-08-20,4.172,4.241,4.242,4.144,13784166,5938089045.0
2025-08-21,4.245,4.255,4.271,4.235,9130025,3997377735.0
2025-08-22,4.252,4.356,4.361,4.251,13602634,6031204221.0
2025-08-25,4.378,4.442,4.449,4.374,14560918,6599627199.0
2025-08-26,4.431,4.418,4.449,4.404,11142941,5068845227.0
2025-08-27,4.418,4.352,4.462,4.35,14126904,6408311259.0
2025-08-28,4.346,4.436,4.438,4.329,12764157,5746035433.0
2025-08-29,4.427,4.478,4.49,4.417,13550574,6208498370.0
2025-09-01,4.484,4.493,4.501,4.457,11939867,5495420182.0
2025-09-02,4.49,4.467,4.52,4.427,10344122,4755250317.0
2025-09-03,4.469,4.426,4.486,4.397,9188625,4187703184.0
2025-09-04,4.423,4.333,4.432,4.293,14208228,6352441030.0
2025-09-05,4.327,4.431,4.44,4.319,10603325,4780253830.0
2025-09-08,4.431,4.432,4.45,4.401,10340220,4701185135.0
2025-09-09,4.422,4.405,4.441,4.379,6803545,3084847254.0
2025-09-10,4.403,4.415,4.439,4.384,6086583,2761984289.0
2025-09-11,4.404,4.537,4.539,4.394,9783418,4504295390.0
2025-09-12,4.539,4.498,4.541,4.492,9158580,4251540392.0
2025-09-15,4.499,4.506,4.539,4.491,7211915,3346337207.0
2025-09-16,4.509,4.497,4.529,4.468,7889034,3642646550.0
2025-09-17,4.492,4.53,4.536,4.476,7154079,3315621289.0
2025-09-18,4.532,4.471,4.553,4.431,11873727,5488692045.0
2025-09-19,4.467,4.481,4.51,4.464,7316138,3369611818.0
2025-09-22,4.481,4.496,4.498,4.459,6292766,2896946428.0
2025-09-23,4.504,4.499,4.533,4.435,10550001,4859849641.0
2025-09-24,4.474,4.54,4.541,4.473,10044859,4656117026.0
2025-09-25,4.54,4.572,4.595,4.534,7713362,3614405601.0
2025-09-26,4.554,4.528,4.576,4.527,7153059,3344592886.0
2025-09-29,4.525,4.605,4.632,4.517,11954365,5620190347.0
2025-09-30,4.611,4.618,4.627,4.597,7403809,3508639995.0
2025-10-09,4.631,4.693,4.713,4.627,8970906,4308933449.0
2025-10-10,4.664,4.596,4.671,4.581,11746426,5581932563.0
2025-10-13,4.475,4.569,4.581,4.473,9658362,4499844601.0
2025-10-14,4.602,4.522,4.617,4.497,11619095,5445976980.0
2025-10-15,4.525,4.583,4.592,4.504,9974013,4649845988.0
2025-10-16,4.566,4.598,4.624,4.566,8124633,3835512324.0
2025-10-17,4.592,4.501,4.601,4.489,8400582,3909864092.0
2025-10-20,4.528,4.517,4.555,4.501,7644178,3554256321.0
2025-10-21,4.533,4.587,4.6,4.529,9598685,4511371971.0
2025-10-22,4.567,4.572,4.585,4.545,5544842,2601506365.0
2025-10-23,4.564,4.59,4.596,4.519,6993428,3267824361.0
2025-10-24,4.605,4.647,4.649,4.604,8653036,4110591097.0
2025-10-27,4.685,4.703,4.708,4.673,7585249,3652922851.0
2025-10-28,4.692,4.679,4.727,4.669,7259491,3497088820.0
2025-10-29,4.687,4.739,4.741,4.687,6792784,3284668925.0
2025-10-30,4.735,4.7,4.751,4.693,8164619,3955485339.0
2025-10-31,4.696,4.633,4.703,4.632,14325686,6851751220.0
2025-11-03,4.629,4.64,4.644,4.582,7759881,3674194550.0
2025-11-04,4.637,4.606,4.65,4.583,12015243,5708778783.0
2025-11-05,4.569,4.612,4.628,4.545,7633533,3599158874.0
2025-11-06,4.619,4.682,4.69,4.619,7326649,3506780405.0
2025-11-07,4.667,4.672,4.689,4.651,5392556,2584816479.0
2025-11-10,4.674,4.684,4.688,4.64,4483488,2146884969.0
2025-11-11,4.691,4.64,4.701,4.634,5651936,2702663134.0
2025-11-12,4.631,4.642,4.66,4.608,5236907,2491775456.0
2025-11-13,4.634,4.689,4.692,4.629,6459561,3096198221.0
2025-11-14,4.662,4.618,4.673,4.616,5936317,2832605947.0
2025-11-17,4.607,4.587,4.617,4.568,7524669,3545084093.0
2025-11-18,4.577,4.56,4.594,4.541,8568239,4018390178.0
2025-11-19,4.555,4.574,4.594,4.555,8569615,4026545623.0
2025-11-20,4.601,4.553,4.606,4.55,5619395,2644705315.0
2025-11-21,4.522,4.441,4.531,4.439,14964004,6884359920.0
2025-11-24,4.456,4.434,4.462,4.41,11557477,5269730484.0
2025-11-25,4.457,4.474,4.5,4.456,8959406,4120829562.0
2025-11-26,4.477,4.503,4.523,4.471,9140793,4228349386.0
2025-11-27,4.506,4.499,4.551,4.495,4793694,2226374836.0
2025-11-28,4.498,4.512,4.519,4.48,5192341,2403092677.0
2025-12-01,4.523,4.564,4.565,4.516,5783014,2698559001.0
2025-12-02,4.563,4.543,4.563,4.528,3834449,1790231961.0
2025-12-03,4.542,4.522,4.561,4.512,3950348,1840202209.0
2025-12-04,4.525,4.534,4.548,4.505,4026188,1871831892.0
2025-12-05,4.533,4.575,4.587,4.52,6872031,3217071412.0
2025-12-08,4.588,4.609,4.631,4.586,8263438,3908784386.0
2025-12-09,4.604,4.585,4.616,4.571,7001055,3302885875.0
2025-12-10,4.577,4.579,4.586,4.535,6207764,2903153594.0
2025-12-11,4.585,4.545,4.599,4.539,6199443,2910601742.0
2025-12-12,4.555,4.571,4.579,4.525,8671539,4057237306.0
2025-12-15,4.551,4.544,4.589,4.427,6917855,3241015143.0
2025-12-16,4.537,4.497,4.544,4.478,7693550,3559031617.0
2025-12-17,4.496,4.576,4.592,4.493,10856133,5079203142.0
2025-12-18,4.56,4.545,4.569,4.538,6780189,3169750209.0
2025-12-19,4.557,4.565,4.591,4.543,8317889,3901916782.0
2025-12-22,4.579,4.607,4.612,4.579,8371220,3956863485.0
2025-12-23,4.612,4.617,4.64,4.603,8083405,3833240598.0
2025-12-24,4.617,4.634,4.642,4.603,5334294,2531260594.0
2025-12-25,4.627,4.643,4.654,4.621,4272443,2033628744.0
2025-12-26,4.643,4.661,4.678,4.632,8160801,3902900785.0
2025-12-29,4.657,4.64,4.671,4.626,8529050,4069832489.0
2025-12-30,4.623,4.65,4.667,4.619,4772242,2275508778.0
2025-12-31,4.654,4.63,4.666,4.619,6668292,3175879377.0
2026-01-05,4.66,4.721,4.725,4.657,10171325,4902061805.0
2026-01-06,4.727,4.796,4.797,4.725,10523015,5141603633.0
2026-01-07,4.797,4.778,4.804,4.753,9334026,4578481053.0
2026-01-08,4.765,4.74,4.771,4.72,6827198,3324674355.0
2026-01-09,4.734,4.762,4.78,4.721,11348553,5535581862.0
2026-01-12,4.77,4.79,4.806,4.738,13330753,6529675045.0
2026-01-13,4.799,4.773,4.842,4.753,12717832,6249488306.0
2026-01-14,4.773,4.743,4.826,4.718,21367223,10465332592.0
2026-01-15,4.726,4.752,4.771,4.72,52171489,25390672681.0
2026-01-16,4.782,4.736,4.796,4.715,53201665,25922582412.0
2026-01-19,4.737,4.738,4.769,4.718,29134399,13792576409.0
2026-01-20,4.735,4.724,4.751,4.688,28867656,13613769428.0
2026-01-21,4.709,4.73,4.764,4.709,49039740,23207895509.0
2026-01-22,4.741,4.727,4.76,4.703,43163442,20376067887.0
2026-01-23,4.732,4.704,4.742,4.687,67693781,31834663643.0
2026-01-26,4.712,4.712,4.76,4.694,59398529,28002364939.0
2026-01-27,4.712,4.71,4.742,4.679,43391350,20450057577.0
2026-01-28,4.725,4.725,4.743,4.704,84977823,40100175381.0
2026-01-29,4.724,4.768,4.779,4.704,35456647,16773879626.0
2026-01-30,4.736,4.711,4.758,4.642,16702748,7860479504.0
2026-02-02,4.68,4.6,4.719,4.591,26511344,12299263716.0
2026-02-03,4.64,4.664,4.668,4.585,10529446,4881749326.0
2026-02-04,4.652,4.707,4.709,4.643,10525059,4914865553.0
2026-02-05,4.68,4.679,4.695,4.645,9339829,4364498239.0
2026-02-06,4.643,4.649,4.691,4.61,8816737,4106577054.0
2026-02-09,4.695,4.727,4.73,4.686,7011195,3304026961.0
2026-02-10,4.733,4.733,4.739,4.72,6804617,3219183511.0
2026-02-11,4.727,4.723,4.732,4.714,3720787,1757895647.0
2026-02-12,4.729,4.727,4.735,4.716,3980124,1881073591.0
2026-02-13,4.714,4.671,4.714,4.667,13673572,6405790170.0
2026-02-24,4.725,4.716,4.736,4.705,6242456,2946760847.0
2026-02-25,4.717,4.75,4.778,4.716,8734031,4148107679.0
2026-02-26,4.751,4.735,4.754,4.712,7663721,3624553287.0
2026-02-27,4.72,4.725,4.732,4.7,6062453,2859792911.0
2026-03-02,4.694,4.739,4.743,4.674,12423675,5860854055.0
2026-03-03,4.741,4.678,4.751,4.665,9665579,4550837091.0
2026-03-04,4.64,4.61,4.65,4.587,8292240,3830984400.0
2026-03-05,4.647,4.654,4.678,4.639,5684210,2646464156.0
2026-03-06,4.64,4.667,4.682,4.624,5043759,2349185776.0
2026-03-09,4.623,4.629,4.638,4.56,8380983,3854535508.0
2026-03-10,4.642,4.683,4.689,4.641,5460125,2550822882.0
2026-03-11,4.686,4.711,4.719,4.682,5937122,2792866730.0
2026-03-12,4.711,4.694,4.711,4.665,3433836,1610201018.0
2026-03-13,4.672,4.677,4.716,4.67,3251129,1526480622.0
2026-03-16,4.675,4.68,4.686,4.632,4038627,1881524447.0
2026-03-17,4.686,4.646,4.731,4.645,7233377,3388771831.0
2026-03-18,4.652,4.662,4.67,4.616,7702627,3575798297.0
2026-03-19,4.621,4.599,4.641,4.581,7722418,3558170504.0
2026-03-20,4.598,4.576,4.635,4.573,7612736,3509938019.0
2026-03-23,4.528,4.43,4.537,4.406,15234981,6799292790.0
2026-03-24,4.463,4.479,4.48,4.405,8504351,3784113263.0
2026-03-25,4.51,4.544,4.549,4.504,8677126,3932266869.0
2026-03-26,4.536,4.488,4.547,4.477,4742424,2139118213.0
2026-03-27,4.45,4.508,4.53,4.445,5626908,2529639239.0
2026-03-30,4.462,4.5,4.505,4.453,5439943,2434696108.0
2026-03-31,4.501,4.463,4.529,4.462,5305656,2385310576.0
2026-04-01,4.52,4.534,4.542,4.501,5012281,2267466693.0
2026-04-02,4.521,4.489,4.526,4.47,4663511,2098973595.0
2026-04-03,4.495,4.454,4.506,4.446,4261096,1903072420.0
2026-04-07,4.455,4.446,4.47,4.431,4285686,1908516206.0
2026-04-08,4.519,4.602,4.604,4.517,9968846,4550818244.0
2026-04-09,4.573,4.572,4.586,4.56,7049553,3223934997.0
2026-04-10,4.588,4.642,4.664,4.588,9063873,4203124967.0
2026-04-13,4.629,4.652,4.66,4.623,3928926,1825187755.0
2026-04-14,4.679,4.712,4.712,4.663,4276571,2005429241.0
2026-04-15,4.732,4.694,4.746,4.684,6759806,3185349113.0
2026-04-16,4.704,4.746,4.747,4.7,8532344,4036951794.0
2026-04-17,4.737,4.739,4.75,4.722,7361501,3485941360.0
2026-04-20,4.735,4.765,4.777,4.728,7624578,3627929894.0
2026-04-21,4.764,4.776,4.786,4.73,6361081,3026895923.0
2026-04-22,4.76,4.811,4.813,4.756,10125926,4851593064.0
2026-04-23,4.82,4.801,4.834,4.772,10085181,4848688474.0
2026-04-24,4.785,4.782,4.798,4.75,7193226,3432906825.0
2026-04-27,4.786,4.782,4.81,4.773,9280360,4443760487.0
2026-04-28,4.766,4.77,4.79,4.757,8644202,4125806962.0
2026-04-29,4.755,4.821,4.828,4.755,12796798,6139314265.0
2026-04-30,4.83,4.824,4.841,4.808,16517864,7965711080.0
2026-05-06,4.866,4.888,4.914,4.852,18677828,9131466569.0
2026-05-07,4.905,4.912,4.914,4.879,20946226,10262731527.0
2026-05-08,4.89,4.886,4.902,4.862,12535649,6121164078.0
2026-05-11,4.911,4.966,4.98,4.9,21165218,10456512044.0
2026-05-12,4.975,4.963,4.987,4.944,10021705,4976355850.0
2026-05-13,4.94,5.017,5.023,4.939,12726150,6331249194.0
2026-05-14,5.037,4.941,5.041,4.931,10281646,5118663487.0
2026-05-15,4.935,4.878,4.954,4.852,10479024,5135152285.0
2026-05-18,4.855,4.852,4.885,4.819,5835764,2832450612.0
2026-05-19,4.843,4.869,4.874,4.789,9674999,4670192858.0
2026-05-20,4.845,4.871,4.882,4.84,9597201,4664422387.0
2026-05-21,4.897,4.808,4.954,4.801,12055773,5913215496.0
2026-05-22,4.828,4.862,4.868,4.807,13250518,6421618436.0
2026-05-25,4.88,4.937,4.938,4.872,16250559,7970991059.0
2026-05-26,4.912,4.972,4.975,4.91,9686752,4786813577.0
2026-05-27,4.963,4.932,4.993,4.913,6405215,3174582673.0
2026-05-28,4.917,4.932,4.948,4.866,4396498,2155076599.0
2026-05-29,4.946,4.923,4.978,4.9,6566854,3243446893.0
2026-06-01,4.923,4.868,4.94,4.861,4990927,2443095510.0
2026-06-02,4.867,4.936,4.956,4.856,6809437,3345673270.0
2026-06-03,4.938,4.965,5.016,4.928,7604619,3784497955.0
2026-06-04,4.919,4.926,4.961,4.91,6097283,3006706301.0
2026-06-05,4.909,4.843,4.948,4.825,6182927,3023262809.0
2026-06-08,4.79,4.739,4.808,4.705,9232724,4394322754.0
2026-06-09,4.764,4.826,4.828,4.741,4361645,2085593718.0
2026-06-10,4.79,4.784,4.814,4.751,3931623,1879211957.0
2026-06-11,4.766,4.751,4.793,4.718,4160688,1975529542.0
2026-06-12,4.81,4.818,4.846,4.789,7808859,3761995011.0
2026-06-15,4.858,4.919,4.92,4.839,16233007,7928405421.0
2026-06-16,4.92,4.91,4.933,4.893,9085294,4467242130.0
2026-06-17,4.898,4.958,4.96,4.894,13911870,6854308726.0
2026-06-18,4.943,4.984,5.001,4.941,12933430,6434057084.0
2026-06-22,4.983,5.091,5.095,4.954,19131578,9643147387.0
2026-06-23,5.079,4.942,5.095,4.915,26173354,13121283633.0
2026-06-24,4.929,4.967,4.978,4.916,25906734,12839317641.0
2026-06-25,4.973,5.048,5.055,4.966,26406087,13252886361.0
2026-06-26,5.008,4.907,5.015,4.88,9582429,4730764080.0
2026-06-29,4.897,4.959,4.966,4.866,14848057,7294621804.0
2026-06-30,4.947,5.019,5.022,4.942,20297213,10142732805.0
2026-07-01,5.009,4.998,5.054,4.957,9626190,4820926453.0
2026-07-02,4.955,4.85,4.96,4.835,13691536,6704066004.0
2026-07-03,4.83,4.876,4.927,4.828,19983308,9792434457.0
2026-07-06,4.9,4.877,4.914,4.831,6179918,3016661205.0
2026-07-07,4.858,4.826,4.877,4.796,6986968,3378515920.0
2026-07-08,4.836,4.798,4.872,4.793,4846848,2337287019.0
2026-07-09,4.813,4.916,4.925,4.777,9558592,4636438104.0
2026-07-10,4.918,4.829,4.949,4.827,8242800,4039507185.0
2026-07-13,4.802,4.744,4.821,4.719,16190530,7705111563.0
2026-07-14,4.744,4.837,4.838,4.696,18084400,8630537927.0
2026-07-15,4.829,4.838,4.87,4.819,7220327,3497653884.0
2026-07-16,4.775,4.753,4.825,4.724,16578228,7909234146.0
2026-07-17,4.72,4.589,4.73,4.546,31647757,14648790580.0
2026-07-20,4.63,4.65,4.685,4.577,40104538,18562451759.0
2026-07-21,4.677,4.787,4.789,4.617,27388321,12894642144.0
2026-07-22,4.75,4.765,4.823,4.75,12650379,6059305801.0
2026-07-23,4.774,4.787,4.795,4.755,5811786,2775499281.0
2026-07-24,4.75,4.701,4.759,4.699,10247632,4844479626.0
2026-07-27,4.702,4.753,4.758,4.674,9715927,4584814670.0
2026-07-28,4.69,4.627,4.7,4.609,16853987,7832309396.0
2026-07-29,4.624,4.657,4.686,4.574,15092027,6987965715.0
2026-07-30,4.63,4.605,4.655,4.536,15120389,6953209405.0
2026-07-31,4.68,4.653,4.703,4.644,15016263,7016550822.0
2026-08-03,4.624,4.599,4.638,4.591,9263921,4269964026.0
2026-08-04,4.618,4.651,4.672,4.615,11730429,5451256791.0
