code,name,price,strike,volume,open_interest,type,fetch_date,expiry_date,T
MOCK_call_3.40_30,模拟call_3.40,0.6165,3.4,10000,5000,call,2026-08-05,2026-09-04,0.0821917808219178
MOCK_put_3.40_30,模拟put_3.40,0.001,3.4,10000,5000,put,2026-08-05,2026-09-04,0.0821917808219178
MOCK_call_3.45_30,模拟call_3.45,0.561,3.45,10000,5000,call,2026-08-05,2026-09-04,0.0821917808219178
MOCK_put_3.45_30,模拟put_3.45,0.001,3.45,10000,5000,put,2026-08-05,2026-09-04,0.0821917808219178
MOCK_call_3.50_30,模拟call_3.50,0.4965,3.5,10000,5000,call,2026-08-05,2026-09-04,0.0821917808219178
MOCK_put_3.50_30,模拟put_3.50,0.001,3.5,10000,5000,put,2026-08-05,2026-09-04,0.0821917808219178
MOCK_call_3.55_30,模拟call_3.55,0.4552,3.55,10000,5000,call,2026-08-05,2026-09-04,0.0821917808219178
MOCK_put_3.55_30,模拟put_3.55,0.001,3.55,10000,5000,put,2026-08-05,2026-09-04,0.0821917808219178
MOCK_call_3.60_30,模拟call_3.60,0.4007,3.6,10000,5000,call,2026-08-05,2026-09-04,0.0821917808219178
MOCK_put_3.60_30,模拟put_3.60,0.001,3.6,10000,5000,put,2026-08-05,2026-09-04,0.0821917808219178
MOCK_call_3.65_30,模拟call_3.65,0.3565,3.65,10000,5000,call,2026-08-05,2026-09-04,0.0821917808219178
MOCK_put_3.65_30,模拟put_3.65,0.001,3.65,10000,5000,put,2026-08-05,2026-09-04,0.0821917808219178
MOCK_call_3.70_30,模拟call_3.70,0.3178,3.7,10000,5000,call,2026-08-05,2026-09-04,0.0821917808219178
MOCK_put_3.70_30,模拟put_3.70,0.002,3.7,10000,5000,put,2026-08-05,2026-09-04,0.0821917808219178
MOCK_call_3.75_30,模拟call_3.75,0.2522,3.75,10000,5000,call,2026-08-05,2026-09-04,0.0821917808219178
MOCK_put_3.75_30,模拟put_3.75,0.0042,3.75,10000,5000,put,2026-08-05,2026-09-04,0.0821917808219178
MOCK_call_3.80_30,模拟call_3.80,0.2191,3.8,10000,5000,call,2026-08-05,2026-09-04,0.0821917808219178
MOCK_put_3.80_30,模拟put_3.80,0.0086,3.8,10000,5000,put,2026-08-05,2026-09-04,0.0821917808219178
MOCK_call_3.85_30,模拟call_3.85,0.17,3.85,10000,5000,call,2026-08-05,2026-09-04,0.0821917808219178
MOCK_put_3.85_30,模拟put_3.85,0.0159,3.85,10000,5000,put,2026-08-05,2026-09-04,0.0821917808219178
MOCK_call_3.90_30,模拟call_3.90,0.1328,3.9,10000,5000,call,2026-08-05,2026-09-04,0.0821917808219178
MOCK_put_3.90_30,模拟put_3.90,0.0266,3.9,10000,5000,put,2026-08-05,2026-09-04,0.0821917808219178
MOCK_call_3.95_30,模拟call_3.95,0.098,3.95,10000,5000,call,2026-08-05,2026-09-04,0.0821917808219178
MOCK_put_3.95_30,模拟put_3.95,0.0442,3.95,10000,5000,put,2026-08-05,2026-09-04,0.0821917808219178
MOCK_call_4.00_30,模拟call_4.00,0.071,4.0,10000,5000,call,2026-08-05,2026-09-04,0.0821917808219178
MOCK_put_4.00_30,模拟put_4.00,0.0649,4.0,10000,5000,put,2026-08-05,2026-09-04,0.0821917808219178
MOCK_call_4.05_30,模拟call_4.05,0.0516,4.05,10000,5000,call,2026-08-05,2026-09-04,0.0821917808219178
MOCK_put_4.05_30,模拟put_4.05,0.0925,4.05,10000,5000,put,2026-08-05,2026-09-04,0.0821917808219178
MOCK_call_4.10_30,模拟call_4.10,0.0328,4.1,10000,5000,call,2026-08-05,2026-09-04,0.0821917808219178
MOCK_put_4.10_30,模拟put_4.10,0.1217,4.1,10000,5000,put,2026-08-05,2026-09-04,0.0821917808219178
MOCK_call_4.15_30,模拟call_4.15,0.0206,4.15,10000,5000,call,2026-08-05,2026-09-04,0.0821917808219178
MOCK_put_4.15_30,模拟put_4.15,0.1621,4.15,10000,5000,put,2026-08-05,2026-09-04,0.0821917808219178
MOCK_call_4.20_30,模拟call_4.20,0.0126,4.2,10000,5000,call,2026-08-05,2026-09-04,0.0821917808219178
MOCK_put_4.20_30,模拟put_4.20,0.2024,4.2,10000,5000,put,2026-08-05,2026-09-04,0.0821917808219178
MOCK_call_4.25_30,模拟call_4.25,0.007,4.25,10000,5000,call,2026-08-05,2026-09-04,0.0821917808219178
MOCK_put_4.25_30,模拟put_4.25,0.2497,4.25,10000,5000,put,2026-08-05,2026-09-04,0.0821917808219178
MOCK_call_4.30_30,模拟call_4.30,0.0038,4.3,10000,5000,call,2026-08-05,2026-09-04,0.0821917808219178
MOCK_put_4.30_30,模拟put_4.30,0.3001,4.3,10000,5000,put,2026-08-05,2026-09-04,0.0821917808219178
MOCK_call_4.35_30,模拟call_4.35,0.002,4.35,10000,5000,call,2026-08-05,2026-09-04,0.0821917808219178
MOCK_put_4.35_30,模拟put_4.35,0.3282,4.35,10000,5000,put,2026-08-05,2026-09-04,0.0821917808219178
MOCK_call_4.40_30,模拟call_4.40,0.001,4.4,10000,5000,call,2026-08-05,2026-09-04,0.0821917808219178
MOCK_put_4.40_30,模拟put_4.40,0.3867,4.4,10000,5000,put,2026-08-05,2026-09-04,0.0821917808219178
MOCK_call_4.45_30,模拟call_4.45,0.001,4.45,10000,5000,call,2026-08-05,2026-09-04,0.0821917808219178
MOCK_put_4.45_30,模拟put_4.45,0.4585,4.45,10000,5000,put,2026-08-05,2026-09-04,0.0821917808219178
MOCK_call_4.50_30,模拟call_4.50,0.001,4.5,10000,5000,call,2026-08-05,2026-09-04,0.0821917808219178
MOCK_put_4.50_30,模拟put_4.50,0.4981,4.5,10000,5000,put,2026-08-05,2026-09-04,0.0821917808219178
MOCK_call_4.55_30,模拟call_4.55,0.001,4.55,10000,5000,call,2026-08-05,2026-09-04,0.0821917808219178
MOCK_put_4.55_30,模拟put_4.55,0.5329,4.55,10000,5000,put,2026-08-05,2026-09-04,0.0821917808219178
MOCK_call_4.60_30,模拟call_4.60,0.001,4.6,10000,5000,call,2026-08-05,2026-09-04,0.0821917808219178
MOCK_put_4.60_30,模拟put_4.60,0.5932,4.6,10000,5000,put,2026-08-05,2026-09-04,0.0821917808219178
MOCK_call_4.65_30,模拟call_4.65,0.001,4.65,10000,5000,call,2026-08-05,2026-09-04,0.0821917808219178
MOCK_put_4.65_30,模拟put_4.65,0.6435,4.65,10000,5000,put,2026-08-05,2026-09-04,0.0821917808219178
MOCK_call_4.70_30,模拟call_4.70,0.001,4.7,10000,5000,call,2026-08-05,2026-09-04,0.0821917808219178
MOCK_put_4.70_30,模拟put_4.70,0.6938,4.7,10000,5000,put,2026-08-05,2026-09-04,0.0821917808219178
MOCK_call_3.40_60,模拟call_3.40,0.62,3.4,10000,5000,call,2026-08-05,2026-10-04,0.1643835616438356
MOCK_put_3.40_60,模拟put_3.40,0.001,3.4,10000,5000,put,2026-08-05,2026-10-04,0.1643835616438356
MOCK_call_3.45_60,模拟call_3.45,0.5483,3.45,10000,5000,call,2026-08-05,2026-10-04,0.1643835616438356
MOCK_put_3.45_60,模拟put_3.45,0.001,3.45,10000,5000,put,2026-08-05,2026-10-04,0.1643835616438356
MOCK_call_3.50_60,模拟call_3.50,0.4897,3.5,10000,5000,call,2026-08-05,2026-10-04,0.1643835616438356
MOCK_put_3.50_60,模拟put_3.50,0.001,3.5,10000,5000,put,2026-08-05,2026-10-04,0.1643835616438356
MOCK_call_3.55_60,模拟call_3.55,0.4579,3.55,10000,5000,call,2026-08-05,2026-10-04,0.1643835616438356
MOCK_put_3.55_60,模拟put_3.55,0.0018,3.55,10000,5000,put,2026-08-05,2026-10-04,0.1643835616438356
MOCK_call_3.60_60,模拟call_3.60,0.4377,3.6,10000,5000,call,2026-08-05,2026-10-04,0.1643835616438356
MOCK_put_3.60_60,模拟put_3.60,0.0032,3.6,10000,5000,put,2026-08-05,2026-10-04,0.1643835616438356
MOCK_call_3.65_60,模拟call_3.65,0.3699,3.65,10000,5000,call,2026-08-05,2026-10-04,0.1643835616438356
MOCK_put_3.65_60,模拟put_3.65,0.0058,3.65,10000,5000,put,2026-08-05,2026-10-04,0.1643835616438356
MOCK_call_3.70_60,模拟call_3.70,0.3288,3.7,10000,5000,call,2026-08-05,2026-10-04,0.1643835616438356
MOCK_put_3.70_60,模拟put_3.70,0.0095,3.7,10000,5000,put,2026-08-05,2026-10-04,0.1643835616438356
MOCK_call_3.75_60,模拟call_3.75,0.2776,3.75,10000,5000,call,2026-08-05,2026-10-04,0.1643835616438356
MOCK_put_3.75_60,模拟put_3.75,0.015,3.75,10000,5000,put,2026-08-05,2026-10-04,0.1643835616438356
MOCK_call_3.80_60,模拟call_3.80,0.2213,3.8,10000,5000,call,2026-08-05,2026-10-04,0.1643835616438356
MOCK_put_3.80_60,模拟put_3.80,0.0231,3.8,10000,5000,put,2026-08-05,2026-10-04,0.1643835616438356
MOCK_call_3.85_60,模拟call_3.85,0.1971,3.85,10000,5000,call,2026-08-05,2026-10-04,0.1643835616438356
MOCK_put_3.85_60,模拟put_3.85,0.0344,3.85,10000,5000,put,2026-08-05,2026-10-04,0.1643835616438356
MOCK_call_3.90_60,模拟call_3.90,0.1647,3.9,10000,5000,call,2026-08-05,2026-10-04,0.1643835616438356
MOCK_put_3.90_60,模拟put_3.90,0.0501,3.9,10000,5000,put,2026-08-05,2026-10-04,0.1643835616438356
MOCK_call_3.95_60,模拟call_3.95,0.1331,3.95,10000,5000,call,2026-08-05,2026-10-04,0.1643835616438356
MOCK_put_3.95_60,模拟put_3.95,0.0686,3.95,10000,5000,put,2026-08-05,2026-10-04,0.1643835616438356
MOCK_call_4.00_60,模拟call_4.00,0.1074,4.0,10000,5000,call,2026-08-05,2026-10-04,0.1643835616438356
MOCK_put_4.00_60,模拟put_4.00,0.0893,4.0,10000,5000,put,2026-08-05,2026-10-04,0.1643835616438356
MOCK_call_4.05_60,模拟call_4.05,0.0805,4.05,10000,5000,call,2026-08-05,2026-10-04,0.1643835616438356
MOCK_put_4.05_60,模拟put_4.05,0.1151,4.05,10000,5000,put,2026-08-05,2026-10-04,0.1643835616438356
MOCK_call_4.10_60,模拟call_4.10,0.0612,4.1,10000,5000,call,2026-08-05,2026-10-04,0.1643835616438356
MOCK_put_4.10_60,模拟put_4.10,0.1459,4.1,10000,5000,put,2026-08-05,2026-10-04,0.1643835616438356
MOCK_call_4.15_60,模拟call_4.15,0.0467,4.15,10000,5000,call,2026-08-05,2026-10-04,0.1643835616438356
MOCK_put_4.15_60,模拟put_4.15,0.1764,4.15,10000,5000,put,2026-08-05,2026-10-04,0.1643835616438356
MOCK_call_4.20_60,模拟call_4.20,0.032,4.2,10000,5000,call,2026-08-05,2026-10-04,0.1643835616438356
MOCK_put_4.20_60,模拟put_4.20,0.2105,4.2,10000,5000,put,2026-08-05,2026-10-04,0.1643835616438356
MOCK_call_4.25_60,模拟call_4.25,0.0241,4.25,10000,5000,call,2026-08-05,2026-10-04,0.1643835616438356
MOCK_put_4.25_60,模拟put_4.25,0.2624,4.25,10000,5000,put,2026-08-05,2026-10-04,0.1643835616438356
MOCK_call_4.30_60,模拟call_4.30,0.0166,4.3,10000,5000,call,2026-08-05,2026-10-04,0.1643835616438356
MOCK_put_4.30_60,模拟put_4.30,0.2964,4.3,10000,5000,put,2026-08-05,2026-10-04,0.1643835616438356
MOCK_call_4.35_60,模拟call_4.35,0.0113,4.35,10000,5000,call,2026-08-05,2026-10-04,0.1643835616438356
MOCK_put_4.35_60,模拟put_4.35,0.3416,4.35,10000,5000,put,2026-08-05,2026-10-04,0.1643835616438356
MOCK_call_4.40_60,模拟call_4.40,0.0074,4.4,10000,5000,call,2026-08-05,2026-10-04,0.1643835616438356
MOCK_put_4.40_60,模拟put_4.40,0.3936,4.4,10000,5000,put,2026-08-05,2026-10-04,0.1643835616438356
MOCK_call_4.45_60,模拟call_4.45,0.0049,4.45,10000,5000,call,2026-08-05,2026-10-04,0.1643835616438356
MOCK_put_4.45_60,模拟put_4.45,0.4438,4.45,10000,5000,put,2026-08-05,2026-10-04,0.1643835616438356
MOCK_call_4.50_60,模拟call_4.50,0.0031,4.5,10000,5000,call,2026-08-05,2026-10-04,0.1643835616438356
MOCK_put_4.50_60,模拟put_4.50,0.492,4.5,10000,5000,put,2026-08-05,2026-10-04,0.1643835616438356
MOCK_call_4.55_60,模拟call_4.55,0.002,4.55,10000,5000,call,2026-08-05,2026-10-04,0.1643835616438356
MOCK_put_4.55_60,模拟put_4.55,0.5499,4.55,10000,5000,put,2026-08-05,2026-10-04,0.1643835616438356
MOCK_call_4.60_60,模拟call_4.60,0.0011,4.6,10000,5000,call,2026-08-05,2026-10-04,0.1643835616438356
MOCK_put_4.60_60,模拟put_4.60,0.583,4.6,10000,5000,put,2026-08-05,2026-10-04,0.1643835616438356
MOCK_call_4.65_60,模拟call_4.65,0.001,4.65,10000,5000,call,2026-08-05,2026-10-04,0.1643835616438356
MOCK_put_4.65_60,模拟put_4.65,0.6358,4.65,10000,5000,put,2026-08-05,2026-10-04,0.1643835616438356
MOCK_call_4.70_60,模拟call_4.70,0.001,4.7,10000,5000,call,2026-08-05,2026-10-04,0.1643835616438356
MOCK_put_4.70_60,模拟put_4.70,0.722,4.7,10000,5000,put,2026-08-05,2026-10-04,0.1643835616438356
MOCK_call_3.40_90,模拟call_3.40,0.6254,3.4,10000,5000,call,2026-08-05,2026-11-03,0.2465753424657534
MOCK_put_3.40_90,模拟put_3.40,0.0011,3.4,10000,5000,put,2026-08-05,2026-11-03,0.2465753424657534
MOCK_call_3.45_90,模拟call_3.45,0.5667,3.45,10000,5000,call,2026-08-05,2026-11-03,0.2465753424657534
MOCK_put_3.45_90,模拟put_3.45,0.002,3.45,10000,5000,put,2026-08-05,2026-11-03,0.2465753424657534
MOCK_call_3.50_90,模拟call_3.50,0.5132,3.5,10000,5000,call,2026-08-05,2026-11-03,0.2465753424657534
MOCK_put_3.50_90,模拟put_3.50,0.0033,3.5,10000,5000,put,2026-08-05,2026-11-03,0.2465753424657534
MOCK_call_3.55_90,模拟call_3.55,0.5011,3.55,10000,5000,call,2026-08-05,2026-11-03,0.2465753424657534
MOCK_put_3.55_90,模拟put_3.55,0.0053,3.55,10000,5000,put,2026-08-05,2026-11-03,0.2465753424657534
MOCK_call_3.60_90,模拟call_3.60,0.4185,3.6,10000,5000,call,2026-08-05,2026-11-03,0.2465753424657534
MOCK_put_3.60_90,模拟put_3.60,0.0083,3.6,10000,5000,put,2026-08-05,2026-11-03,0.2465753424657534
MOCK_call_3.65_90,模拟call_3.65,0.3948,3.65,10000,5000,call,2026-08-05,2026-11-03,0.2465753424657534
MOCK_put_3.65_90,模拟put_3.65,0.0124,3.65,10000,5000,put,2026-08-05,2026-11-03,0.2465753424657534
MOCK_call_3.70_90,模拟call_3.70,0.3327,3.7,10000,5000,call,2026-08-05,2026-11-03,0.2465753424657534
MOCK_put_3.70_90,模拟put_3.70,0.0184,3.7,10000,5000,put,2026-08-05,2026-11-03,0.2465753424657534
MOCK_call_3.75_90,模拟call_3.75,0.2991,3.75,10000,5000,call,2026-08-05,2026-11-03,0.2465753424657534
MOCK_put_3.75_90,模拟put_3.75,0.0264,3.75,10000,5000,put,2026-08-05,2026-11-03,0.2465753424657534
MOCK_call_3.80_90,模拟call_3.80,0.2539,3.8,10000,5000,call,2026-08-05,2026-11-03,0.2465753424657534
MOCK_put_3.80_90,模拟put_3.80,0.0364,3.8,10000,5000,put,2026-08-05,2026-11-03,0.2465753424657534
MOCK_call_3.85_90,模拟call_3.85,0.223,3.85,10000,5000,call,2026-08-05,2026-11-03,0.2465753424657534
MOCK_put_3.85_90,模拟put_3.85,0.0497,3.85,10000,5000,put,2026-08-05,2026-11-03,0.2465753424657534
MOCK_call_3.90_90,模拟call_3.90,0.195,3.9,10000,5000,call,2026-08-05,2026-11-03,0.2465753424657534
MOCK_put_3.90_90,模拟put_3.90,0.0654,3.9,10000,5000,put,2026-08-05,2026-11-03,0.2465753424657534
MOCK_call_3.95_90,模拟call_3.95,0.1582,3.95,10000,5000,call,2026-08-05,2026-11-03,0.2465753424657534
MOCK_put_3.95_90,模拟put_3.95,0.0846,3.95,10000,5000,put,2026-08-05,2026-11-03,0.2465753424657534
MOCK_call_4.00_90,模拟call_4.00,0.1316,4.0,10000,5000,call,2026-08-05,2026-11-03,0.2465753424657534
MOCK_put_4.00_90,模拟put_4.00,0.1083,4.0,10000,5000,put,2026-08-05,2026-11-03,0.2465753424657534
MOCK_call_4.05_90,模拟call_4.05,0.1069,4.05,10000,5000,call,2026-08-05,2026-11-03,0.2465753424657534
MOCK_put_4.05_90,模拟put_4.05,0.131,4.05,10000,5000,put,2026-08-05,2026-11-03,0.2465753424657534
MOCK_call_4.10_90,模拟call_4.10,0.0842,4.1,10000,5000,call,2026-08-05,2026-11-03,0.2465753424657534
MOCK_put_4.10_90,模拟put_4.10,0.1594,4.1,10000,5000,put,2026-08-05,2026-11-03,0.2465753424657534
MOCK_call_4.15_90,模拟call_4.15,0.0674,4.15,10000,5000,call,2026-08-05,2026-11-03,0.2465753424657534
MOCK_put_4.15_90,模拟put_4.15,0.1927,4.15,10000,5000,put,2026-08-05,2026-11-03,0.2465753424657534
MOCK_call_4.20_90,模拟call_4.20,0.0546,4.2,10000,5000,call,2026-08-05,2026-11-03,0.2465753424657534
MOCK_put_4.20_90,模拟put_4.20,0.2243,4.2,10000,5000,put,2026-08-05,2026-11-03,0.2465753424657534
MOCK_call_4.25_90,模拟call_4.25,0.0419,4.25,10000,5000,call,2026-08-05,2026-11-03,0.2465753424657534
MOCK_put_4.25_90,模拟put_4.25,0.2678,4.25,10000,5000,put,2026-08-05,2026-11-03,0.2465753424657534
MOCK_call_4.30_90,模拟call_4.30,0.0326,4.3,10000,5000,call,2026-08-05,2026-11-03,0.2465753424657534
MOCK_put_4.30_90,模拟put_4.30,0.3066,4.3,10000,5000,put,2026-08-05,2026-11-03,0.2465753424657534
MOCK_call_4.35_90,模拟call_4.35,0.0231,4.35,10000,5000,call,2026-08-05,2026-11-03,0.2465753424657534
MOCK_put_4.35_90,模拟put_4.35,0.3578,4.35,10000,5000,put,2026-08-05,2026-11-03,0.2465753424657534
MOCK_call_4.40_90,模拟call_4.40,0.0174,4.4,10000,5000,call,2026-08-05,2026-11-03,0.2465753424657534
MOCK_put_4.40_90,模拟put_4.40,0.3996,4.4,10000,5000,put,2026-08-05,2026-11-03,0.2465753424657534
MOCK_call_4.45_90,模拟call_4.45,0.0127,4.45,10000,5000,call,2026-08-05,2026-11-03,0.2465753424657534
MOCK_put_4.45_90,模拟put_4.45,0.4366,4.45,10000,5000,put,2026-08-05,2026-11-03,0.2465753424657534
MOCK_call_4.50_90,模拟call_4.50,0.0093,4.5,10000,5000,call,2026-08-05,2026-11-03,0.2465753424657534
MOCK_put_4.50_90,模拟put_4.50,0.4866,4.5,10000,5000,put,2026-08-05,2026-11-03,0.2465753424657534
MOCK_call_4.55_90,模拟call_4.55,0.0068,4.55,10000,5000,call,2026-08-05,2026-11-03,0.2465753424657534
MOCK_put_4.55_90,模拟put_4.55,0.5218,4.55,10000,5000,put,2026-08-05,2026-11-03,0.2465753424657534
MOCK_call_4.60_90,模拟call_4.60,0.0048,4.6,10000,5000,call,2026-08-05,2026-11-03,0.2465753424657534
MOCK_put_4.60_90,模拟put_4.60,0.5816,4.6,10000,5000,put,2026-08-05,2026-11-03,0.2465753424657534
MOCK_call_4.65_90,模拟call_4.65,0.0032,4.65,10000,5000,call,2026-08-05,2026-11-03,0.2465753424657534
MOCK_put_4.65_90,模拟put_4.65,0.6234,4.65,10000,5000,put,2026-08-05,2026-11-03,0.2465753424657534
MOCK_call_4.70_90,模拟call_4.70,0.0022,4.7,10000,5000,call,2026-08-05,2026-11-03,0.2465753424657534
MOCK_put_4.70_90,模拟put_4.70,0.6848,4.7,10000,5000,put,2026-08-05,2026-11-03,0.2465753424657534
MOCK_call_3.40_180,模拟call_3.40,0.6635,3.4,10000,5000,call,2026-08-05,2027-02-01,0.4931506849315068
MOCK_put_3.40_180,模拟put_3.40,0.0079,3.4,10000,5000,put,2026-08-05,2027-02-01,0.4931506849315068
MOCK_call_3.45_180,模拟call_3.45,0.5961,3.45,10000,5000,call,2026-08-05,2027-02-01,0.4931506849315068
MOCK_put_3.45_180,模拟put_3.45,0.0108,3.45,10000,5000,put,2026-08-05,2027-02-01,0.4931506849315068
MOCK_call_3.50_180,模拟call_3.50,0.5534,3.5,10000,5000,call,2026-08-05,2027-02-01,0.4931506849315068
MOCK_put_3.50_180,模拟put_3.50,0.0151,3.5,10000,5000,put,2026-08-05,2027-02-01,0.4931506849315068
MOCK_call_3.55_180,模拟call_3.55,0.5242,3.55,10000,5000,call,2026-08-05,2027-02-01,0.4931506849315068
MOCK_put_3.55_180,模拟put_3.55,0.0188,3.55,10000,5000,put,2026-08-05,2027-02-01,0.4931506849315068
MOCK_call_3.60_180,模拟call_3.60,0.4741,3.6,10000,5000,call,2026-08-05,2027-02-01,0.4931506849315068
MOCK_put_3.60_180,模拟put_3.60,0.027,3.6,10000,5000,put,2026-08-05,2027-02-01,0.4931506849315068
MOCK_call_3.65_180,模拟call_3.65,0.4234,3.65,10000,5000,call,2026-08-05,2027-02-01,0.4931506849315068
MOCK_put_3.65_180,模拟put_3.65,0.0347,3.65,10000,5000,put,2026-08-05,2027-02-01,0.4931506849315068
MOCK_call_3.70_180,模拟call_3.70,0.3778,3.7,10000,5000,call,2026-08-05,2027-02-01,0.4931506849315068
MOCK_put_3.70_180,模拟put_3.70,0.0434,3.7,10000,5000,put,2026-08-05,2027-02-01,0.4931506849315068
MOCK_call_3.75_180,模拟call_3.75,0.3505,3.75,10000,5000,call,2026-08-05,2027-02-01,0.4931506849315068
MOCK_put_3.75_180,模拟put_3.75,0.0545,3.75,10000,5000,put,2026-08-05,2027-02-01,0.4931506849315068
MOCK_call_3.80_180,模拟call_3.80,0.3152,3.8,10000,5000,call,2026-08-05,2027-02-01,0.4931506849315068
MOCK_put_3.80_180,模拟put_3.80,0.0695,3.8,10000,5000,put,2026-08-05,2027-02-01,0.4931506849315068
MOCK_call_3.85_180,模拟call_3.85,0.29,3.85,10000,5000,call,2026-08-05,2027-02-01,0.4931506849315068
MOCK_put_3.85_180,模拟put_3.85,0.0848,3.85,10000,5000,put,2026-08-05,2027-02-01,0.4931506849315068
MOCK_call_3.90_180,模拟call_3.90,0.2445,3.9,10000,5000,call,2026-08-05,2027-02-01,0.4931506849315068
MOCK_put_3.90_180,模拟put_3.90,0.1006,3.9,10000,5000,put,2026-08-05,2027-02-01,0.4931506849315068
MOCK_call_3.95_180,模拟call_3.95,0.2199,3.95,10000,5000,call,2026-08-05,2027-02-01,0.4931506849315068
MOCK_put_3.95_180,模拟put_3.95,0.1171,3.95,10000,5000,put,2026-08-05,2027-02-01,0.4931506849315068
MOCK_call_4.00_180,模拟call_4.00,0.1956,4.0,10000,5000,call,2026-08-05,2027-02-01,0.4931506849315068
MOCK_put_4.00_180,模拟put_4.00,0.1425,4.0,10000,5000,put,2026-08-05,2027-02-01,0.4931506849315068
MOCK_call_4.05_180,模拟call_4.05,0.1719,4.05,10000,5000,call,2026-08-05,2027-02-01,0.4931506849315068
MOCK_put_4.05_180,模拟put_4.05,0.1722,4.05,10000,5000,put,2026-08-05,2027-02-01,0.4931506849315068
MOCK_call_4.10_180,模拟call_4.10,0.1437,4.1,10000,5000,call,2026-08-05,2027-02-01,0.4931506849315068
MOCK_put_4.10_180,模拟put_4.10,0.1942,4.1,10000,5000,put,2026-08-05,2027-02-01,0.4931506849315068
MOCK_call_4.15_180,模拟call_4.15,0.1301,4.15,10000,5000,call,2026-08-05,2027-02-01,0.4931506849315068
MOCK_put_4.15_180,模拟put_4.15,0.2311,4.15,10000,5000,put,2026-08-05,2027-02-01,0.4931506849315068
MOCK_call_4.20_180,模拟call_4.20,0.1051,4.2,10000,5000,call,2026-08-05,2027-02-01,0.4931506849315068
MOCK_put_4.20_180,模拟put_4.20,0.2533,4.2,10000,5000,put,2026-08-05,2027-02-01,0.4931506849315068
MOCK_call_4.25_180,模拟call_4.25,0.0918,4.25,10000,5000,call,2026-08-05,2027-02-01,0.4931506849315068
MOCK_put_4.25_180,模拟put_4.25,0.2864,4.25,10000,5000,put,2026-08-05,2027-02-01,0.4931506849315068
MOCK_call_4.30_180,模拟call_4.30,0.076,4.3,10000,5000,call,2026-08-05,2027-02-01,0.4931506849315068
MOCK_put_4.30_180,模拟put_4.30,0.3262,4.3,10000,5000,put,2026-08-05,2027-02-01,0.4931506849315068
MOCK_call_4.35_180,模拟call_4.35,0.066,4.35,10000,5000,call,2026-08-05,2027-02-01,0.4931506849315068
MOCK_put_4.35_180,模拟put_4.35,0.3521,4.35,10000,5000,put,2026-08-05,2027-02-01,0.4931506849315068
MOCK_call_4.40_180,模拟call_4.40,0.0542,4.4,10000,5000,call,2026-08-05,2027-02-01,0.4931506849315068
MOCK_put_4.40_180,模拟put_4.40,0.4109,4.4,10000,5000,put,2026-08-05,2027-02-01,0.4931506849315068
MOCK_call_4.45_180,模拟call_4.45,0.043,4.45,10000,5000,call,2026-08-05,2027-02-01,0.4931506849315068
MOCK_put_4.45_180,模拟put_4.45,0.4212,4.45,10000,5000,put,2026-08-05,2027-02-01,0.4931506849315068
MOCK_call_4.50_180,模拟call_4.50,0.0365,4.5,10000,5000,call,2026-08-05,2027-02-01,0.4931506849315068
MOCK_put_4.50_180,模拟put_4.50,0.4801,4.5,10000,5000,put,2026-08-05,2027-02-01,0.4931506849315068
MOCK_call_4.55_180,模拟call_4.55,0.0298,4.55,10000,5000,call,2026-08-05,2027-02-01,0.4931506849315068
MOCK_put_4.55_180,模拟put_4.55,0.5329,4.55,10000,5000,put,2026-08-05,2027-02-01,0.4931506849315068
MOCK_call_4.60_180,模拟call_4.60,0.0248,4.6,10000,5000,call,2026-08-05,2027-02-01,0.4931506849315068
MOCK_put_4.60_180,模拟put_4.60,0.5729,4.6,10000,5000,put,2026-08-05,2027-02-01,0.4931506849315068
MOCK_call_4.65_180,模拟call_4.65,0.0207,4.65,10000,5000,call,2026-08-05,2027-02-01,0.4931506849315068
MOCK_put_4.65_180,模拟put_4.65,0.6125,4.65,10000,5000,put,2026-08-05,2027-02-01,0.4931506849315068
MOCK_call_4.70_180,模拟call_4.70,0.0163,4.7,10000,5000,call,2026-08-05,2027-02-01,0.4931506849315068
MOCK_put_4.70_180,模拟put_4.70,0.6704,4.7,10000,5000,put,2026-08-05,2027-02-01,0.4931506849315068
