date,S0,r,q,n,a_nq,s_nq,imp_nq,a_q,s_q,imp_q
2018-01-02,2.907,0.043247903,0.04074265610553191,92,1.0,0.16024187918985267,-2.2771026802130288e-10,0.8858996811881636,0.08737695323303316,3.1803658349892183
2018-01-03,2.912,0.0467801615,-0.004262274843270866,96,0.97855933341055,0.1099522932067642,49.49152707702379,1.0,0.1554114758144715,9.55230042250517e-09
2018-01-04,2.919,0.046906146999999995,0.0014261990769578597,96,1.0,0.15287704212147218,6.195137398452655e-11,1.0,0.15306700827179387,4.026228275641595e-10
2018-01-05,2.933,0.047019355,0.01645911895856239,96,1.0,0.15059429468397872,5.469230574422016e-10,1.0,0.15294327835776872,5.826489802278809e-11
2018-01-08,2.944,0.047508817499999995,0.019095773144531966,100,0.9918201160101756,0.1211155932530831,25.502543193869965,0.9464798498153687,0.09477403879165651,45.51349367884655
2018-01-09,2.97,0.047630968,0.040600290122550536,99,1.0,0.15104628290889993,1.1127124274936597e-09,0.7900313272327177,0.0675195516273379,20.02251167230402
2018-01-10,2.994,0.0446710325,0.0396367798188243,100,1.0,0.14790221837829448,1.0144718151444163e-08,0.8187259556353087,0.07017995871603482,9.406518769024064
2018-01-11,2.991,0.0459303385,0.0027998249385509737,104,0.9822388908742867,0.10898327427829928,40.37022184421282,1.0,0.15245837444061183,6.334558067624531e-10
2018-01-12,3.018,0.046639527,0.04086404975914619,104,1.0,0.14874538425821815,1.0752592587440772e-08,1.0,0.15577241528351807,4.884945855676861e-09
2018-01-15,3.043,0.049869667,0.03861441642967682,105,1.0,0.15523939659004105,4.198972468888789e-08,0.8103487960947664,0.07093348577385784,28.80030490534884
2018-01-16,3.064,0.047734839,0.03429873425852417,104,1.0,0.1632833730712645,5.259807519603431e-08,0.8379584898054598,0.0774837425351142,33.40781118757837
2018-01-17,3.071,0.049050968,0.013057047257725303,109,1.0,0.17956016786396506,3.780603102502569e-10,0.9435966226458578,0.10687892064452167,36.044161319358444
2018-01-18,3.106,0.045011935,0.031292777347731254,80,1.0,0.18752386793494222,3.574581684385505e-08,0.8441863907128567,0.0900173024460673,29.492718258020943
2018-01-19,3.113,0.050273548,0.008141900083810613,80,1.0,0.19963523306916614,9.017687168612965e-10,0.9615090125799182,0.12733102411031733,46.01269048921013
2018-01-22,3.129,0.05449,0.03345106554066872,80,1.0,0.19654526997892388,1.5371427415407173e-09,0.8936842346191409,0.10468879699707029,37.88335782091846
2018-01-23,3.173,0.048210645,0.036041139686283905,80,1.0,0.19444233841961256,1.1959788843105803e-09,0.86656670719385,0.09848781421780589,16.99484642514184
2018-01-24,3.172,0.049390968,-0.009395233367974399,84,0.9986225721891974,0.20928886712994427,9.271666957377397,1.0,0.20833501639368485,1.6714192045063877e-10
2018-01-25,3.15,0.046729032,-0.026232633680039728,83,0.9523850977420808,0.12707015454769133,59.6004581416152,1.0,0.206354598304024,3.2856692582427233e-10
2018-01-26,3.171,0.04672,0.012654825075973241,81,1.0,0.19309679228572357,1.5455770620302924e-09,0.9582245457172397,0.12289117157459264,34.73012981611527
2018-01-29,3.114,0.047328,0.0,80,0.8925730705261231,0.09732567787170408,81.53072913968228,0.8925730705261231,0.09732567787170408,81.53072913968228
2018-01-30,3.075,0.046986,-0.04673070021264909,81,0.9251327705383303,0.10309879302978517,72.03967574319304,1.0,0.18452866537263626,3.1747708194280353e-09
2018-01-31,3.113,0.045488333,0.04084307445692044,79,1.0,0.17563447556992295,3.079203830782043e-10,1.0,0.18173984188586484,1.3238506089487757e-08
2018-02-01,3.134,0.044812,0.021263895156686245,77,1.0,0.17076748842745454,1.2454471951197525e-09,1.0,0.1732225283951266,-1.6315179506783635e-09
2018-02-02,3.145,0.043347,0.007024268534747611,77,1.0,0.17236353509669242,2.972076050074088e-09,1.0,0.17323309234780032,3.258928479426265e-09
2018-02-05,3.18,0.04112,0.035536396234514954,76,1.0,0.18065620563924317,8.314165167747853e-09,1.0,0.18455108433961875,1.3261493986219977e-08
2018-02-06,3.11,0.040651333,-0.04342896667257619,79,0.9503105646371841,0.12906117051839838,90.39852958541067,1.0,0.20834629654302264,1.1515543412944881e-09
2018-02-07,3.023,0.042778,0.0,83,0.8534969139099123,0.109624263048172,91.80300463941555,0.8534969139099123,0.109624263048172,91.80300463941555
2018-02-08,2.939,0.040041,0.0,83,0.8854528223897754,0.12576892687124233,89.84542427156313,0.8854528223897754,0.12576892687124233,89.84542427156313
2018-02-09,2.803,0.042882667,-0.03570620938093178,84,0.9330747726559646,0.18793404154479512,85.24776983283543,1.0,0.3201274655640008,-2.209689258599474e-09
2018-02-12,2.8,0.041334667,0.06545550851611437,87,1.0,0.3314251972873171,3.6316462054434692e-09,1.0,0.33015400379896165,4.096383296322226e-09
2018-02-13,2.848,0.040156,0.09648648672891971,86,1.0,0.28181739125051525,3.863923234198409e-11,1.0,0.2826907646725886,2.885086157223758e-09
2018-02-14,2.866,0.038188,0.04708063390361797,85,1.0,0.27773822121938574,2.85652561980227e-09,1.0,0.27930549144744876,2.1828661912923697e-09
2018-02-22,2.925,0.037254,0.09534373700290394,58,1.0,0.27180867756720767,6.333159433452819e-09,1.0,0.277027168124914,3.905800596363844e-08
2018-02-23,2.955,0.038534,0.09295459105196577,58,1.0,0.22648888996336608,6.2760411858318e-12,1.0,0.2325685500982218,5.020400992417652e-10
2018-02-26,2.965,0.04245,0.023626453914041834,58,1.0,0.2273603075445862,1.2061011661861056e-10,1.0,0.2291849017143247,2.7421529404578093e-10
2018-02-27,2.92,0.04551,-0.04747665883167894,58,1.0,0.24597949386952683,1.5994270344880898e-10,1.0,0.2420612678771476,1.3268138373512606e-09
2018-02-28,2.871,0.046238065,-0.04041848085834627,58,1.0,0.2558511069853239,1.7963514545003106e-08,1.0,0.2536751659528818,-5.925131293167749e-08
2018-03-01,2.884,0.038950645,0.08601132022907833,76,1.0,0.23654095731776575,3.413349042164185e-11,1.0,0.24046876866063938,1.8695994890449547e-10
2018-03-02,2.856,0.045189032,-0.012146482060491418,78,1.0,0.23327401260739145,1.6699992845317734e-10,1.0,0.23290670414871778,1.4416346587078187e-10
2018-03-05,2.855,0.04302871,0.00672335764590752,76,1.0,0.2236032309336588,1.214406809445459e-07,1.0,0.2237551182491006,1.4382675854541466e-07
2018-03-06,2.888,0.045466129,0.07007893999398415,76,1.0,0.20887473768892964,8.431454442011555e-08,1.0,0.21111245835199954,1.1681365914857331e-06
2018-03-07,2.871,0.04608,-0.019705049020847756,78,1.0,0.21116267899749808,8.22583304367733e-07,1.0,0.21042309263022624,8.359354585318464e-07
2018-03-08,2.893,0.036298889,0.0640031232289911,76,1.0,0.20719864869490268,7.035712756441038e-08,1.0,0.2094388863618224,4.870965178509488e-07
2018-03-09,2.903,0.044122222,0.01916376596014495,76,1.0,0.2010952327740233,5.4569663494426055e-08,1.0,0.20205131979659202,8.71005420141921e-08
2018-03-12,2.905,0.046453333,-0.02085374908126424,75,1.0,0.2087684984199586,2.265979932115812e-07,1.0,0.20764765013602304,1.559615809878758e-07
2018-03-13,2.873,0.046286667,-0.01855591932925687,75,1.0,0.21880728868767613,-4.530828924895115e-08,1.0,0.21812723813578488,-4.0885157939854925e-07
2018-03-14,2.863,0.03722,0.0025613722624730885,74,1.0,0.21378180676780176,7.297845289046848e-07,1.0,0.213830279186368,1.523456757300265e-07
2018-03-15,2.89,0.036712857,0.14239972368524234,71,1.0,0.20480082719995152,4.810621879385766e-09,1.0,0.20833584335370692,5.255735214268194e-08
2018-03-16,2.862,0.040424286,-0.03485279307999502,71,0.9414845466613775,0.12177197456359862,63.29587621145865,1.0,0.20592076195753184,-2.4946309030708888e-08
2018-03-19,2.892,0.03401,0.21585154238375676,70,1.0,0.2117499052337371,4.9098537224580115e-08,1.0,0.21715964993325085,3.810433577317145e-10
2018-03-20,2.895,0.03627,0.09959023460092022,69,1.0,0.20806168170784073,2.263386237672429e-08,1.0,0.21192487273365265,1.0706878624923731e-07
2018-03-21,2.884,0.02969,-0.022871410599468255,69,0.9506872272491459,0.12997142314910892,47.887602201150905,1.0,0.21188122734660286,1.7731368986991454e-07
2018-03-22,2.857,0.048662,-0.017032727030412326,20,1.0,0.21173903894232354,7.945218933882238e-07,1.0,0.21132295038492888,1.3417927318905118e-06
2018-03-23,2.781,0.0437,0.08011551517070045,20,1.0,0.2727722153533251,8.99341528821932e-08,1.0,0.2680846187751739,2.8959053823814467e-07
2018-03-26,2.734,0.04939,0.07251242251864312,22,1.0,0.2864057688805041,2.5318938230343695e-08,1.0,0.2812570363283157,4.382143111223069e-07
2018-03-27,2.739,0.047411613,0.0034591934669112212,24,1.0,0.24621199597459048,-2.604194781020403e-09,1.0,0.24608519505309234,3.7934518319208236e-10
2018-03-28,2.688,0.049745161,0.005892147710185482,24,1.0,0.2567753995303065,-1.256954198575318e-07,1.0,0.25640675649046896,-3.6089072711919486e-05
2018-03-29,2.734,0.046474839,0.08767091704106691,98,1.0,0.2594962740316987,-1.2278551725975484e-06,1.0,0.25107673849470297,2.212127074507639e-08
2018-03-30,2.713,0.046536452,0.009329098789406243,100,1.0,0.24709350476568942,9.396252892098094e-08,1.0,0.2463357811160677,-4.221394880349537e-10
2018-04-02,2.702,0.044193548,0.02487533951535128,100,1.0,0.2561587228491248,1.6210821470512427e-08,1.0,0.25360793513245883,-5.147435314285961e-07
2018-04-03,2.693,0.040415806,0.03375089552733143,100,1.0,0.2559183426554227,9.179668194925316e-10,1.0,0.25199886664049703,3.40237891109417e-09
2018-04-04,2.694,0.042147097,0.01412459847078224,100,1.0,0.24540479987044816,-7.815315647960985e-08,1.0,0.24397618507250624,5.471164603093986e-10
2018-04-09,2.711,0.042221935,0.03726729059124211,100,1.0,0.2549801660239609,1.5106132851272879e-09,1.0,0.25142880023270203,4.846660684484435e-09
2018-04-10,2.775,0.04166129,0.07382499467325772,100,1.0,0.2492981471131543,1.6128054770756342e-10,1.0,0.24506093084855823,-8.022482213347543e-10
2018-04-11,2.775,0.041059677,0.014000988133148758,102,1.0,0.23992888918758126,3.600625318683031e-10,1.0,0.23943247276024518,7.57669431465213e-10
2018-04-12,2.742,0.044009677,-0.01430645691949405,101,1.0,0.24565544711513213,1.1630393376104277e-10,1.0,0.2464041451457888,-6.478294413845495e-09
2018-04-13,2.717,0.043085484,-0.02237410164805337,101,1.0,0.24789192513380842,1.0142612598940063e-09,1.0,0.24949194863602311,1.9829127314419827e-09
2018-04-16,2.655,0.040290323,-0.043954103537647435,100,1.0,0.25716147275197726,8.528029006112931e-10,1.0,0.2625076369363796,1.857954406953751e-09
2018-04-17,2.626,0.042285484,-0.02476828517071426,106,1.0,0.260014378966298,-6.233970643304285e-09,1.0,0.26339148657329614,1.1247028393620883e-08
2018-04-18,2.643,0.044781935,0.008398563243763693,104,1.0,0.2607791066706341,1.8810042102148806e-08,1.0,0.25963530255830847,2.154286463731327e-08
2018-04-19,2.676,0.046555806,0.03810751697197071,80,1.0,0.25419164368358904,3.1061995136457427e-09,1.0,0.2497285153662347,2.0270578458382088e-08
2018-04-20,2.637,0.043310323,-0.016060628577174055,80,1.0,0.2408002711832523,7.707942339720441e-10,1.0,0.24297433667816215,1.0099168196000212e-09
2018-04-23,2.658,0.048971613,0.04724398836062156,80,1.0,0.24695268668045856,1.4086004373091853e-10,1.0,0.24034362219535982,-1.641197168952049e-09
2018-04-24,2.718,0.048629677,0.07343573108655208,80,1.0,0.24449459664746773,7.46496698837007e-11,1.0,0.23778648907900796,6.310167992691274e-10
2018-04-25,2.693,0.043894516,-0.017241197138378288,80,1.0,0.23621110405856596,4.4445752301876054e-10,1.0,0.2376373911993937,7.799739669955627e-10
2018-04-26,2.655,0.046774194,-0.044064337270969194,80,1.0,0.23193417191505422,4.255531256822627e-11,1.0,0.23631871188545114,6.600636424446203e-10
2018-04-27,2.642,0.04422,-0.024690871726511212,80,1.0,0.23555423729121677,3.8966936032393153e-10,1.0,0.2385521705262365,1.6423410781502575e-09
2018-05-02,2.646,0.040088333,-0.019416246822812296,80,1.0,0.24931108440794097,1.9306240648741745e-08,1.0,0.2516769850393758,-3.260131155088929e-06
2018-05-03,2.654,0.036594,-0.00013233542768947192,80,1.0,0.25552016651490705,-4.106140750836243e-07,1.0,0.25553678276482955,3.175163206480933e-08
2018-05-04,2.634,0.036702,-0.03663186770476206,80,1.0,0.25369212673977026,-3.253414045158477e-07,1.0,0.25821677353458194,5.191625304916345e-08
2018-05-07,2.674,0.03918,0.043578292972341115,80,1.0,0.2673876624321565,1.7652831315611177e-09,1.0,0.262318527543539,-1.0235321992731595e-07
2018-05-08,2.714,0.041550667,0.053594709839119264,80,1.0,0.25375547796138564,1.516593682041288e-09,1.0,0.24933135626488367,9.800083117818726e-09
2018-05-09,2.711,0.035614,0.0013051545858863305,80,1.0,0.2412293243757545,2.714961042205938e-09,1.0,0.24113427753327404,2.9255574937140275e-09
2018-05-10,2.723,0.035897333,0.0073973149230753335,80,1.0,0.23018959754263046,3.9302024969082163e-10,1.0,0.22973418980836863,3.1806646403417765e-10
2018-05-11,2.716,0.038250667,-0.025010981079885294,79,1.0,0.2180208425968886,-7.846125751698036e-08,1.0,0.2194324595760554,2.7228395924844895e-08
2018-05-14,2.745,0.039052,0.029881333110186474,78,1.0,0.21181728478177325,3.9680172297437546e-07,1.0,0.2104628434032202,2.672598454108858e-07
2018-05-15,2.74,0.040918,-0.01696209655740456,76,1.0,0.19435098287416627,2.806074864835965e-07,1.0,0.1949288761500611,4.636172053314096e-07
2018-05-16,2.705,0.041437667,-0.047338959543482356,75,1.0,0.19445856526548594,3.0044921181608476e-08,1.0,0.19677998335217128,5.449394793145233e-08
2018-05-17,2.689,0.03663,-0.04275326328582574,56,1.0,0.1886614333093167,6.72736626357001e-08,1.0,0.1914303689426742,3.875103229247966e-06
2018-05-18,2.733,0.038092,0.06020583242876334,56,1.0,0.18660518556833272,6.198051886739183e-09,1.0,0.18270642399787912,5.867953221087936e-07
2018-05-21,2.736,0.039174,-0.03251140674099033,56,1.0,0.17759261014638472,3.3652408130650335e-07,1.0,0.17867665110854433,2.1257427106734877e-06
2018-05-22,2.717,0.045718333,-0.04636180894739021,56,0.9823409855365712,0.127298437803983,87.69430759929739,1.0,0.17254492617677902,-2.6883694777400495e-07
2018-05-23,2.672,0.032379333,0.0,56,0.8988582801818856,0.09241314888000483,97.19648974186003,0.8988582801818856,0.09241314888000483,97.19648974186003
2018-05-24,2.655,0.035618,-0.029780504318910543,74,1.0,0.17655705958837656,1.3922744284906754e-07,1.0,0.1766802605986596,6.115047581487246e-07
2018-05-25,2.654,0.046525333,-0.01039024630623529,74,1.0,0.17348939203729977,3.170542727071419e-06,1.0,0.1736464530263948,3.751168164561597e-06
2018-05-28,2.668,0.03834,0.0038786847524290456,74,1.0,0.17620011270931174,4.314388080019119e-06,1.0,0.1761732133547776,6.039831896259655e-06
2018-05-29,2.655,0.037698065,-0.04109299526941026,73,1.0,0.1748759409226478,-6.56395755067681e-06,1.0,0.1750402892846615,1.6243738696754167e-06
2018-05-30,2.601,0.044096774,-0.043938389744256554,71,0.9577568757534033,0.12650749623775487,91.31321197362756,1.0,0.1950204479388776,2.40609979923334e-07
2018-05-31,2.651,0.038724194,0.07360111522131983,75,1.0,0.20487282580448662,2.374320297369868e-08,1.0,0.2036677328962833,1.971854288350042e-08
2018-06-01,2.643,0.044380645,0.0008989951874180404,71,1.0,0.1971206701779465,4.485985736541511e-07,1.0,0.19712045352374843,4.555799305952767e-07
2018-06-04,2.686,0.046363548,0.09427006882187677,72,1.0,0.1979980584140867,4.130214653414944e-08,1.0,0.19977146660676226,4.4024389968645795e-08
2018-06-05,2.696,0.046694516,0.04138603677550633,74,1.0,0.18894535815343255,9.719054692780079e-08,1.0,0.1895522188760878,5.004985938920141e-07
2018-06-06,2.686,0.04257,-0.015887684432485567,73,1.0,0.18638754760808296,1.2815042963012357e-07,1.0,0.18611744552617893,1.4252033688832197e-07
2018-06-07,2.694,0.039575556,0.00722834673485396,71,1.0,0.18369167461321928,5.696583546420029e-08,1.0,0.18383131749371398,3.260159049891793e-08
2018-06-08,2.652,0.039372222,-0.04790696655872379,70,0.9329181822761894,0.10739122174680238,87.62800083848946,1.0,0.18508494894282196,8.907090094582895e-10
2018-06-11,2.663,0.044216667,0.0643159939253511,68,1.0,0.19867712057195605,-4.732353166046361e-12,1.0,0.1986214616763755,-2.4542130882213887e-10
2018-06-12,2.688,0.046696667,0.11898137975382495,69,1.0,0.1954944299743602,1.518381844967131e-08,1.0,0.19730033349402215,4.880675218498969e-10
2018-06-13,2.672,0.03658,-0.025624271262831823,68,1.0,0.19144788984791383,2.2927210152893924e-07,1.0,0.1909614293579762,1.0590890386044086e-06
2018-06-14,2.675,0.035985714,0.03645636699035426,68,1.0,0.19601612239566743,1.7714320881774373e-08,1.0,0.1966710322891595,1.5660637947826e-11
2018-06-15,2.678,0.034767143,0.000553387224523308,67,1.0,0.20093502838397398,2.1409633226264028e-10,1.0,0.2009476412551885,2.490495809977495e-09
2018-06-19,2.612,0.044952857,0.0,66,0.8900330400466928,0.11886014223098756,69.67406602795653,0.8900330400466928,0.11886014223098756,69.67406602795653
2018-06-20,2.61,0.03083,0.018286464901819628,64,1.0,0.2332894782983203,1.7405499642906698e-10,1.0,0.2329255251213907,3.023491046487292e-10
2018-06-21,2.592,0.059897,-0.020065093548272916,22,1.0,0.20135254746593995,1.0599523722888487e-09,1.0,0.2018094988353551,-1.540970847410239e-08
2018-06-22,2.598,0.064306,0.06212788990781239,22,1.0,0.20484463976696138,-2.3234641085289413e-10,1.0,0.20277646454211212,1.5746675534829395e-08
2018-06-25,2.548,0.04805,0.0,22,0.9196364307403568,0.11751342296600346,98.95031924675746,0.9196364307403568,0.11751342296600346,98.95031924675746
2018-06-26,2.52,0.05397129,-0.025494190282762043,24,1.0,0.21491623064124726,5.564201904303597e-07,1.0,0.21599601648340466,1.764366183106937e-07
2018-06-27,2.465,0.056646129,0.0,26,0.9346047931909568,0.13228154927492144,98.98652652701345,0.9346047931909568,0.13228154927492144,98.98652652701345
2018-06-28,2.441,0.048360645,0.0038296884290805544,90,1.0,0.23118599573499513,9.279472195865707e-11,1.0,0.23080661445856088,9.969099006016612e-11
2018-06-29,2.495,0.049942,0.07360918726176013,90,1.0,0.2323248147964477,2.031900868292295e-11,1.0,0.22661462128162368,2.316609881224283e-11
2018-07-02,2.402,0.033525806,-0.045028140544936,91,0.9497484970092775,0.15427016258239748,58.50790243104582,1.0,0.24270108846540095,1.648194162713793e-10
2018-07-03,2.41,0.032420645,0.04024618460866372,97,1.0,0.26022378890811515,8.020655663893572e-09,1.0,0.25545281235281425,8.93827189753066e-08
2018-07-04,2.39,0.04118,0.010714264426836427,98,1.0,0.2616092868513079,2.374342667304616e-08,1.0,0.2603215956482017,4.20453599316182e-08
2018-07-05,2.391,0.041954444,0.03564064684818668,96,1.0,0.2675030747195705,-7.421981403504552e-08,1.0,0.2630666110664606,-1.636701231612789e-06
2018-07-06,2.425,0.032667778,0.07363421839451657,96,1.0,0.26770303129451345,3.791363848910046e-09,1.0,0.2594746767368633,-1.4920541624717058e-08
2018-07-09,2.496,0.036776774,0.07739309266713001,96,1.0,0.2503980972061982,1.605666834604031e-09,1.0,0.2451626845780993,-4.255756921036523e-12
2018-07-10,2.493,0.036828387,0.014073113745412506,95,1.0,0.2310748181007511,1.5496912709578392e-10,1.0,0.23045782706940365,2.4035729264233025e-10
2018-07-11,2.454,0.02842,0.006112679759246574,94,1.0,0.24144114232915395,1.2984517889371094e-09,1.0,0.24105367258798652,1.1642634790566628e-09
2018-07-12,2.505,0.030006667,0.059920682055614946,94,1.0,0.24102088566914964,1.4197207221599326e-10,1.0,0.2381436248557293,3.7917311715450933e-10
2018-07-13,2.509,0.033485,0.012560191866714622,95,1.0,0.23378267374273493,8.608521194252113e-10,1.0,0.23339029604239833,1.3269616624658292e-09
2018-07-16,2.49,0.030566,-0.0075588528445428085,93,1.0,0.23449845170907785,5.905160877196372e-10,1.0,0.23475236837657573,7.919136184204138e-10
2018-07-17,2.475,0.035075457000000004,-0.0002922844183774457,92,1.0,0.22916376562789081,1.472567910624745e-10,1.0,0.22917727254753117,-2.2964615960280985e-10
2018-07-18,2.463,0.0303824405,-0.025029167892574478,92,1.0,0.22076269760669676,2.148346200541188e-08,1.0,0.22176017001271245,-2.2472679213070076e-06
2018-07-19,2.474,0.04660871,0.028135544620930972,68,1.0,0.21552366453688593,-2.2728345385072602e-07,1.0,0.21421614035964012,-2.4508513074785446e-06
2018-07-20,2.54,0.061076774,0.1285509916214881,68,1.0,0.22174690224230292,-5.382153559747054e-10,1.0,0.2150221949090338,1.897508637644385e-07
2018-07-23,2.569,0.048588065,0.06202328252537675,70,1.0,0.217318347727396,1.3990316334684846e-09,1.0,0.21567468604873286,1.498948172285812e-07
2018-07-24,2.61,0.035992581,0.06441940079167198,70,1.0,0.22024692380218766,8.041900916346823e-09,1.0,0.21974864611867817,3.0445085760598234e-08
2018-07-25,2.609,0.043096129,0.043396617818398334,72,1.0,0.22746137911180986,2.6701550074028256e-11,1.0,0.22708540693565737,1.4028811326707028e-10
2018-07-26,2.575,0.030928387,-0.03261791170488937,72,1.0,0.2251527415419696,-5.203290316057221e-10,1.0,0.2251710972908586,-3.314907844974518e-11
2018-07-27,2.575,0.03255,0.012957892930698673,72,1.0,0.21813742381054912,8.95971943331321e-08,1.0,0.21792261234717447,3.1145901056859577e-07
2018-07-30,2.587,0.028729,0.026021891754432706,72,1.0,0.21699568246088358,6.6509556823965115e-09,1.0,0.21663202990464753,1.7949692474487042e-11
2018-07-31,2.595,0.029982667,0.02132758945585351,72,1.0,0.2154632171872072,1.4136342523825676e-07,1.0,0.2151992058753967,-0.0002666645610437679
2018-08-01,2.537,0.024891667,0.0,72,0.8291612243652347,0.10092284202575685,90.60520548952096,0.8291612243652347,0.10092284202575685,90.60520548952096
2018-08-02,2.484,0.026098,0.0,71,0.9114203310012816,0.13110384106636044,80.71086810302947,0.9114203310012816,0.13110384106636044,80.71086810302947
2018-08-03,2.457,0.037263333,-0.030961299648475524,68,1.0,0.2427792680064158,-2.5039118832440063e-10,1.0,0.24398059664836177,9.456104913185283e-10
2018-08-06,2.455,0.027956667,-0.012812492748701346,72,1.0,0.25125123804391475,8.726903326344151e-08,1.0,0.251921192347072,1.2167337110787624e-07
2018-08-07,2.53,0.023337333,0.09856182898846079,72,1.0,0.258137304286447,5.617566879534582e-09,1.0,0.252345588242315,2.199225145011416e-08
2018-08-08,2.494,0.02364,-0.04528310803946221,72,0.9303490447998047,0.14450128555297853,71.83556704339543,1.0,0.24998599532000296,4.6058653838606856e-08
2018-08-09,2.551,0.022918667,0.08204253621794028,70,1.0,0.25722121063154196,8.330376253542263e-09,1.0,0.2531806867569685,-4.997513979810088e-07
2018-08-10,2.551,0.025483333,0.002266444716290405,70,1.0,0.24548772855196152,-5.0290747801464714e-09,1.0,0.24543258562916892,-1.5442340719001386e-08
2018-08-13,2.526,0.027946,-0.016483168114446875,69,1.0,0.2506572228778167,7.964002248547538e-08,1.0,0.2510968967961844,9.102915474306162e-08
2018-08-14,2.518,0.027904,-0.010389275175489954,67,1.0,0.25054874612901584,1.3078573184449489e-07,1.0,0.2508689819464052,1.695154303845172e-07
2018-08-15,2.454,0.025213667,0.0,68,0.8533351421356208,0.12025222063064572,67.58257495705703,0.8533351421356208,0.12025222063064572,67.58257495705703
2018-08-16,2.453,0.017626667,0.016308478739707383,46,1.0,0.26221381155774,2.1168301780493792e-08,1.0,0.2611395906004475,8.075535849566437e-08
2018-08-17,2.42,0.024743,0.0,45,0.8855730736255643,0.13189502120018018,94.67847023730815,0.8855730736255643,0.13189502120018018,94.67847023730815
2018-08-20,2.458,0.026236,0.06236383695063824,46,1.0,0.27164289991305524,1.352676067130372e-08,1.0,0.2674080120777944,5.649007294746764e-08
2018-08-21,2.496,0.028505,0.06981631879627748,44,1.0,0.25430296392642043,2.023229900171947e-08,1.0,0.25078814062596844,4.963895144420771e-07
2018-08-22,2.499,0.029374,0.019163690896701474,42,1.0,0.23315865000431585,1.0022326722299227e-09,1.0,0.23259679373466038,2.8726077256336458e-09
2018-08-23,2.509,0.021834,0.03687926153613981,60,1.0,0.2142915426567197,6.6858624457829e-08,1.0,0.2147730211024464,2.035411604022424e-07
2018-08-24,2.523,0.020730667,0.058680293797050725,58,1.0,0.20906889807323759,1.3927242322795123e-07,1.0,0.21010518096387387,-4.771607451863846e-06
2018-08-27,2.571,0.02806,0.10262405547354528,58,1.0,0.2083203335246071,5.63771245164835e-08,1.0,0.21356709606188817,2.9157902069649493e-07
2018-08-28,2.56,0.02812,-0.009571665363552048,60,1.0,0.20971732425503437,7.226323571522012e-07,1.0,0.20924632113892583,1.0165243864944734e-06
2018-08-29,2.553,0.026680645,0.0013357181961093742,60,1.0,0.2144938126578927,7.827096052860939e-07,1.0,0.21454659897997772,7.388777636166447e-07
2018-08-30,2.533,0.030107097,-0.026934189929917578,58,1.0,0.22001045032462577,-5.21622706368326e-08,1.0,0.21909773947016217,1.6390614560461078e-08
2018-08-31,2.521,0.024917097,0.009560999834963758,57,1.0,0.22269652829039838,7.590354043669304e-07,1.0,0.22280668644234544,1.0234384385355424e-06
2018-09-03,2.512,0.024598065,-0.0020366054819095317,57,1.0,0.2283906268278315,9.679232921230892e-11,1.0,0.22837780605768782,-1.497393588824683e-09
2018-09-04,2.55,0.023628065,0.1191165289244306,57,1.0,0.22609361431775027,2.4652365922052212e-08,1.0,0.22787139358492817,6.985652242304095e-12
2018-09-05,2.487,0.03507,0.0,56,0.8769390320777898,0.11513106703758243,89.64101794023433,0.8769390320777898,0.11513106703758243,89.64101794023433
2018-09-06,2.466,0.029122222,-0.023909802082178702,56,1.0,0.23978251408439064,2.01896839656781e-10,1.0,0.24034370520384984,-8.838158598365961e-09
2018-09-07,2.491,0.03772,0.053548851462368485,58,1.0,0.241719658661168,2.6465626844970427e-10,1.0,0.2415607678820379,1.8725712824129865e-09
2018-09-10,2.466,0.029666667,-0.03906349757001999,57,0.9178669881820678,0.13708775639534004,80.01580700718503,1.0,0.248365024586019,4.804285479038275e-09
2018-09-11,2.449,0.03947,-0.03616544713273044,57,1.0,0.2495794728973806,3.778007197617937e-09,1.0,0.2500040657963836,1.0586551137630415e-08
2018-09-12,2.432,0.02867,-0.04771477053715115,56,0.9193848140537735,0.1372038503363729,87.02931537600486,1.0,0.24756829557663873,1.9777749165780845e-10
2018-09-13,2.466,0.027438571,-0.006894837475260443,55,1.0,0.24244903998915102,2.5773927742717146e-09,1.0,0.24254261648126202,2.8382881203264138e-09
2018-09-14,2.475,0.024751429,-0.013181961199247822,54,1.0,0.2295162470878495,-4.725214153165565e-10,1.0,0.22958661353893606,5.833990687218755e-10
2018-09-17,2.452,0.02248,-0.0474148196690265,52,0.90327392578125,0.1156298828125003,90.64568459482255,1.0,0.2214369314163923,-6.832234663405641e-07
2018-09-18,2.513,0.02437,0.12512216202822457,53,1.0,0.22105486644031763,4.74194608853908e-10,1.0,0.2189425881393254,3.0036301585912227e-09
2018-09-19,2.538,0.02709,0.056877704808588836,51,1.0,0.20114783226559668,1.8265812207899658e-10,1.0,0.20175797503005016,3.3297421398366603e-10
2018-09-20,2.541,0.031177,0.009065580169208233,22,1.0,0.19034946997591762,2.6689924873456845e-06,1.0,0.19057155151047483,2.9353285838329422e-06
2018-09-21,2.632,0.028415333,0.1934246968232975,22,1.0,0.19142053660732933,7.885913108019222e-09,1.0,0.19962531478027812,4.0933518721769456e-07
2018-09-25,2.6,0.038245161,-0.02596856837479332,26,1.0,0.20842438849387696,7.131128412202054e-10,1.0,0.20796537510002966,-1.4529660211734177e-07
2018-09-26,2.638,0.029679677,0.07570940170137357,26,1.0,0.21046367026865487,-2.703391125902648e-07,1.0,0.21154988544527448,2.50880381342263e-07
2018-09-27,2.628,0.030118065,-0.013915810031333624,76,1.0,0.21135875188844694,6.544722985236806e-07,1.0,0.21061208473518495,2.364065985467774e-06
2018-09-28,2.659,0.03213,0.024552252859229278,75,1.0,0.21103128985894734,4.881299566670621e-07,1.0,0.2126326888226322,1.2363293930311832e-06
2018-10-08,2.533,0.032981935,0.0,76,0.8556283473968511,0.1172135329246521,84.25354921790185,0.8556283473968511,0.1172135329246521,84.25354921790185
2018-10-09,2.545,0.02783,-0.006183100251681516,80,1.0,0.2368464658768061,1.1620497936512975e-09,1.0,0.23687652347143737,1.778548591810971e-09
2018-10-10,2.545,0.02682,-0.028876994197961782,79,1.0,0.23399532495034234,2.2836845437598219e-10,1.0,0.233972911784133,1.8400664256777102e-09
2018-10-11,2.439,0.027422857,-0.042067894387847124,80,0.8996053075790398,0.1377746629714966,90.01015893048658,1.0,0.25383767818566405,6.288822566344606e-09
2018-10-12,2.494,0.031336129,0.04766134651370642,84,1.0,0.26376579810485046,6.014209475525996e-09,1.0,0.26159368961816654,-1.201814932643484e-07
2018-10-15,2.463,0.028616667,-0.04794051661406058,83,0.924898045063019,0.15296737432479862,79.80087164399276,1.0,0.26434949776448774,1.8908645166176168e-08
2018-10-16,2.467,0.030022258,-0.020903167251153456,82,1.0,0.2663118010261315,2.2663227586604477e-08,1.0,0.2672780524923155,4.380936088269772e-08
2018-10-17,2.477,0.026444667,-0.04507045086431043,81,0.9260785174369813,0.15371231317520145,85.45571422961349,1.0,0.26551666522282175,-1.2727624232116579e-08
2018-10-18,2.419,0.028879355,0.0,58,0.8843572229146961,0.14476707682013512,94.15922566198583,0.8843572229146961,0.14476707682013512,94.15922566198583
2018-10-19,2.491,0.03126129,0.09112898215383168,60,1.0,0.2866064341527998,4.176821667347387e-10,1.0,0.28125340311205943,5.144777666291372e-09
2018-10-22,2.599,0.028693226,0.09867221948707158,60,1.0,0.26960040638350613,6.447256456825801e-10,1.0,0.27038136260006107,1.6160041247213888e-08
2018-10-23,2.511,0.029012903,0.005037819973569423,60,0.8330967045016587,0.12618280206341312,88.87338474388386,0.7878165699541573,0.1153775497525931,89.98367260944879
2018-10-24,2.525,0.024112258,0.0014128986250275075,60,1.0,0.2807084451004811,3.409425686400157e-08,1.0,0.28068785865740553,3.515024516588914e-08
2018-10-25,2.531,0.030664516,0.05169863732353117,60,1.0,0.2905271298234584,6.341794434288959e-10,1.0,0.28950284149730565,-5.250295068505162e-08
2018-10-26,2.516,0.03009,-0.033160091022699206,60,1.0,0.29314097539545797,1.7149111399741088e-09,1.0,0.2933655945339706,3.3410940350306094e-09
2018-10-29,2.431,0.033975,0.0,60,0.8282174281775951,0.13951235666871067,93.07110114446427,0.8282174281775951,0.13951235666871067,93.07110114446427
2018-10-30,2.463,0.029485333,0.030994838974336046,60,1.0,0.3141791768500115,6.001106168681249e-08,1.0,0.31235108753546226,1.1727017299992065e-07
2018-10-31,2.496,0.049005,0.0530102716235629,60,1.0,0.3149980553006754,4.112892304063635e-08,1.0,0.3132333447005975,4.73348566536308e-07
2018-11-01,2.507,0.026700968,-0.013988961221950692,60,1.0,0.3050234414823353,-3.794122037857394e-09,1.0,0.3052614378425641,-7.829837361043956e-10
2018-11-02,2.594,0.028159032,0.06536550861564377,60,1.0,0.2881874403458573,1.105218919773077e-09,1.0,0.2893239891635494,9.911447296104155e-09
2018-11-05,2.558,0.027287097,-0.030722595563214484,60,1.0,0.2999092595182083,1.29703214143339e-09,1.0,0.29944759353022155,6.1153023122010274e-09
2018-11-06,2.546,0.027400323,-0.03067801536230853,60,1.0,0.30945367187261574,-0.00012264897709508333,1.0,0.3092138722166418,-1.8191732815636492e-06
2018-11-07,2.528,0.028279355,-0.043961807378119985,60,0.9376994132995606,0.18652071475982665,88.87703818756651,1.0,0.3147478858876275,2.6365987431129063e-07
2018-11-08,2.537,0.027295806,-0.027526591123838658,60,1.0,0.312613429594785,5.957526043039501e-08,1.0,0.3126618771348148,-1.986588305402868e-06
2018-11-09,2.48,0.026546452,0.0,60,0.8396574517479147,0.14151816061232234,91.52733569370278,0.8396574517479147,0.14151816061232234,91.52733569370278
2018-11-12,2.49,0.027024194,-0.01144468396683955,60,1.0,0.3256789000338177,1.3338209952546879e-08,1.0,0.3260486674308776,1.4971537740891002e-08
2018-11-13,2.509,0.02813129,0.06027288361662472,60,1.0,0.32619715217850165,-2.5715433672004383e-08,1.0,0.3240739678408135,1.6875531538910117e-09
2018-11-14,2.475,0.027983871,0.0,60,0.9068199777603152,0.16802368998527528,80.07289173715341,0.9068199777603152,0.16802368998527528,80.07289173715341
2018-11-15,2.505,0.028482903,0.04338286616093816,59,1.0,0.3090748643648112,-1.2896685836107935e-09,1.0,0.3076415938138961,-0.00010903217004779129
2018-11-16,2.507,0.027687097,-0.012173487349060878,58,1.0,0.30048768602417564,1.235842266386988e-08,1.0,0.3007706957292795,2.032587711149438e-08
2018-11-19,2.54,0.028128065,0.05080277050504799,57,1.0,0.29938551234256017,1.072846590235487e-09,1.0,0.2984584470836126,2.5825807687561324e-09
2018-11-20,2.498,0.029455161,0.0,56,0.9022486782073975,0.15028899908065796,84.20640720660084,0.9022486782073975,0.15028899908065796,84.20640720660084
2018-11-21,2.497,0.028448065,0.016625815936218827,55,1.0,0.2822904502786695,2.8281959295970634e-08,1.0,0.2817809894308448,3.654466158802462e-08
2018-11-22,2.483,0.031483548,-0.04795453765848734,32,0.9550415280461326,0.1730658397078515,99.04552464822808,1.0,0.27398588004143676,3.1052812543061953e-06
2018-11-23,2.442,0.025962581,0.0,32,0.8300000000000003,0.11562500000000005,99.24632846580117,0.8300000000000003,0.11562500000000005,99.24632846580117
2018-11-26,2.45,0.0297,-0.028837803196958188,32,1.0,0.2682106646709144,-6.826533296645083e-07,1.0,0.2692880779504777,-3.725233024557109e-05
2018-11-27,2.439,0.028051111,-0.049992769061037466,32,0.9306188964843749,0.14722686767578125,98.17386604723822,1.0,0.25782919340272203,5.628028652073226e-07
2018-11-28,2.466,0.026252222,0.04212534716300422,32,1.0,0.24938888863225658,5.0574933517382704e-11,1.0,0.24793693826213709,-3.988204303324723e-08
2018-11-29,2.453,0.028216667,0.0,50,0.9022606945037857,0.12592781007289897,93.39260183632206,0.9022606945037857,0.12592781007289897,93.39260183632206
2018-11-30,2.474,0.028175556,0.016530974470430233,49,1.0,0.24306908222679335,-8.43841146133556e-10,1.0,0.24355444424945738,-2.597313833018398e-10
2018-12-03,2.482,0.029731111,-0.0015139678420115232,86,1.0,0.24363951583454763,3.13228342874936e-10,1.0,0.24353413878998248,-1.7549626753944313e-10
2018-12-04,2.49,0.029043333,0.012146205030634087,87,1.0,0.22007113476885937,1.1160500088336075e-07,1.0,0.22077786200941774,3.62716741073192e-08
2018-12-05,2.479,0.02861,-0.007816447035456846,87,1.0,0.21066672980865403,3.3873687691464567e-06,1.0,0.2102750913589262,4.7635825482036075e-06
2018-12-06,2.433,0.02882,0.0,89,0.8649256968498225,0.1011128187179568,94.74967812586762,0.8649256968498225,0.1011128187179568,94.74967812586762
2018-12-07,2.425,0.027608571,-0.04806146818131564,85,0.9212358829379088,0.11562767848372468,95.12813950221968,1.0,0.20728280708193775,2.002931915460127e-07
2018-12-10,2.408,0.026512857,-0.04644661003817717,84,0.9264019703865052,0.11859885811805734,94.35206953797706,1.0,0.20934952182376948,5.684242324394682e-07
2018-12-11,2.413,0.026761429,-0.03660011083285129,86,1.0,0.2085716278105974,2.9386218780960012e-08,1.0,0.2082086825417355,-3.362357727037324e-07
2018-12-12,2.419,0.02663,-0.042823688280312654,86,0.9420626592636109,0.12344158411026007,93.83920456845684,1.0,0.20608928411034866,-3.165170316946207e-08
2018-12-13,2.453,0.026335714,0.036167827247350695,85,1.0,0.20094014034235444,-5.3420561153446735e-12,1.0,0.2016276874263167,5.620093134155503e-10
2018-12-14,2.423,0.028242857,0.0,84,0.8782487118244172,0.09676629722118375,91.31491892669902,0.8782487118244172,0.09676629722118375,91.31491892669902
2018-12-17,2.42,0.028214286,-0.04170901358785138,83,0.9461992263793949,0.1258326530456543,88.54163172077517,1.0,0.20706308010965593,-9.534654605497317e-08
2018-12-18,2.391,0.02991,0.0,83,0.8691352844238283,0.10144439697265628,85.78975614280179,0.8691352844238283,0.10144439697265628,85.78975614280179
2018-12-19,2.365,0.02882,0.0,84,0.8414784908294686,0.09616435527801508,83.78041851679441,0.8414784908294686,0.09616435527801508,83.78041851679441
2018-12-20,2.331,0.042386774,0.0,42,0.9238636136054998,0.12897273182868954,98.24304413673279,0.9238636136054998,0.12897273182868954,98.24304413673279
2018-12-21,2.302,0.044131935,-0.04557348664698379,42,1.0,0.2423245480659943,2.345003717608956e-10,1.0,0.24506603820918826,7.535915875483025e-10
2018-12-24,2.304,0.04542,0.015043991085901893,44,1.0,0.24947896259545815,9.304648660570099e-08,1.0,0.24853576425402937,2.848042163429266e-09
2018-12-25,2.292,0.043234444,-0.0036685962504146514,44,1.0,0.24216907531032347,8.186015175255882e-09,1.0,0.24239292981637983,9.005972937771233e-09
2018-12-26,2.275,0.04805,-0.04748356656785796,44,1.0,0.2395694225015177,5.895245092488092e-10,1.0,0.24261163791898066,9.952812619733536e-09
2018-12-27,2.275,0.043764,-0.03008463911975448,116,1.0,0.22622578777372856,9.521304021999314e-08,1.0,0.22865840568842938,4.726186531871195e-11
2018-12-28,2.286,0.03985,0.003519772690023301,115,1.0,0.2273349904232645,1.1801282694868993e-10,1.0,0.2270247588166966,9.093703335495086e-11
