date,close,log_ret,rv_5,rv_10,rv_20,rv_60,target
2024-04-03,3.347,-0.004174126513779132,0.166594570651822,0.16135467585039076,0.1444313352207962,0.20315685450470428,0.18795803405913789
2024-04-08,3.318,-0.00870223046093677,0.1965848616759353,0.16897089974892926,0.14732787013241774,0.20429743082583876,0.1866962127244301
2024-04-09,3.312,-0.0018099552452395303,0.19337898924849187,0.16035932156048802,0.14692939949131442,0.20276476407173158,0.18606731051014663
2024-04-10,3.286,-0.007881216907936845,0.056248147594715525,0.16371190003663771,0.13499885702381953,0.2033273694303342,0.18126530007468356
2024-04-11,3.283,-0.000913381095620723,0.06693921666716095,0.16148270473304732,0.1344499783857481,0.19935057758057045,0.18158671676931937
2024-04-12,3.255,-0.008565362858923046,0.07396038757143181,0.15462921409967773,0.13641559873176393,0.20073609671388778,0.1805108421064293
2024-04-15,3.328,0.022179247298429593,0.2397078493758728,0.2067458359282361,0.1691660844953143,0.2068212336966551,0.15724360517051286
2024-04-16,3.296,-0.009661910911736859,0.25576675658640113,0.2139091411787104,0.17329865728908675,0.208238084117465,0.15501368223176007
2024-04-17,3.342,0.013859818125976727,0.2692470555693707,0.20281733998857104,0.1794912158326565,0.21023131993472471,0.14636523190539377
2024-04-18,3.348,0.0017937224540269007,0.26628552048983795,0.20257108689233022,0.17749525435358662,0.21012177346868205,0.14816455632375586
2024-04-19,3.32,-0.008398369698831717,0.26557385692429686,0.20732527464947584,0.1808536969733424,0.21101971324386629,0.14109314226337016
2024-04-22,3.313,-0.002110659610638235,0.18113757422967944,0.2008732274655838,0.18096656219144597,0.20105960680258003,0.1506179235205799
2024-04-23,3.288,-0.007574646123825404,0.17260517223944144,0.20576392916523958,0.1795601373269076,0.19951865952623804,0.1569732371212084
2024-04-24,3.302,0.00424886830400275,0.10664423559422771,0.20166981394301128,0.1791508885475376,0.1996425577909808,0.15966857331165354
2024-04-25,3.312,0.003023891025076919,0.11147566807728967,0.20196466241041536,0.17904700516765412,0.19036173151344932,0.16360136568042571
2024-04-26,3.362,0.014983798463410782,0.16039472318970158,0.20734206375798697,0.18241040066614483,0.19269166968736973,0.15155912054913834
2024-04-29,3.405,0.012708904615051793,0.17102717465160383,0.17807812297997963,0.18830828203722638,0.19099672569419077,0.14239502661709394
2024-04-30,3.387,-0.00530036576584094,0.15559635951624873,0.16786564803313053,0.18991379137725198,0.18728500889405122,0.1416983256336993
2024-05-06,3.437,0.014654424032062126,0.17004740199778912,0.17005785197926804,0.18578867379238803,0.18993872259401495,0.1253340867728478
2024-05-07,3.439,0.0005817335824323323,0.17769529842765022,0.1705066040998782,0.18469897230584503,0.1878398993079051,0.13014325364004825
2024-05-08,3.41,-0.008468440154703676,0.19951253178009346,0.1706916959733027,0.18795803405913789,0.18283102730574444,0.12617328249725068
2024-05-09,3.445,0.010211613170196462,0.18910457045339715,0.17290132226899943,0.1866962127244301,0.18255761249875518,0.11700148659562878
2024-05-10,3.447,0.0005803830691065474,0.17346384968934084,0.15725013965224535,0.18606731051014663,0.1823870323401883,0.11951922569750272
2024-05-13,3.444,-0.000870700969244032,0.1269428036265059,0.16087554381244623,0.18126530007468356,0.17994794613099685,0.12244287665333403
2024-05-14,3.438,-0.0017436796048268398,0.12819920653742117,0.16483158145802854,0.18158671676931937,0.17991378884757334,0.12244702673783055
2024-05-15,3.412,-0.007591277331224867,0.12306448849988329,0.1586545895067021,0.1805108421064293,0.16326906217978046,0.11991387271380335
2024-05-16,3.424,0.003510828650063021,0.07796345022401069,0.14099308590302786,0.15724360517051286,0.1621971194876799,0.12228955299852598
2024-05-17,3.465,0.011903174362370905,0.1384326819441094,0.15003020565857353,0.15501368223176007,0.16366824604508176,0.10726997072864644
2024-05-20,3.473,0.0023061411200703645,0.1370824766844833,0.12520932336743096,0.14636523190539377,0.1627507210192713,0.1081021312962399
2024-05-21,3.461,-0.003461209108729775,0.14170098611243187,0.12815969699271004,0.14816455632375586,0.16309810968160923,0.10799044150250184
2024-05-22,3.469,0.002308803334405533,0.10539917574652118,0.11271286339232743,0.14109314226337016,0.15953034043775383,0.10832957380331394
2024-05-23,3.432,-0.010723186361896788,0.15933245842835958,0.11947365575117502,0.1506179235205799,0.1612311642057141,0.10154383649932638
2024-05-24,3.391,-0.012018318482214284,0.13127256831463924,0.1381595445103891,0.1569732371212084,0.16431821544694003,0.09219040296354296
2024-05-27,3.421,0.00880804285196609,0.16786363297771698,0.15201853656375255,0.15966857331165354,0.1630116016558031,0.08169082110332475
2024-05-28,3.398,-0.006745882745727258,0.17097362545407388,0.15639226567781114,0.16360136568042571,0.1614292936183035,0.08709498085369494
2024-05-29,3.399,0.00029424746423874687,0.16531361214003784,0.15040371473777345,0.15155912054913834,0.1587518599998668,0.08836567425943732
2024-05-30,3.385,-0.0041273643497407005,0.15001401691875796,0.1494628771796957,0.14239502661709394,0.15400418912462535,0.08944757820454158
2024-05-31,3.371,-0.00414447011231462,0.11714497819459348,0.12146647786948779,0.1416983256336993,0.15318581754286614,0.09209263214490594
2024-06-03,3.376,0.0014821404817869789,0.06544357240055866,0.12017044679393264,0.1253340867728478,0.1531867752496871,0.09129246349773501
2024-06-04,3.401,0.0073779292913476405,0.09101127594240455,0.1348208330049559,0.13014325364004825,0.15276982486079427,0.08239027643191128
2024-06-05,3.388,-0.0038297292352503726,0.09713884084812899,0.13240747020603372,0.12617328249725068,0.15270648088115266,0.08280521276435598
2024-06-06,3.388,0.0,0.08977156633997141,0.1202373550593896,0.11700148659562878,0.15196528340120893,0.08354827515674637
2024-06-07,3.365,-0.006811813693116691,0.10335396882188139,0.1044795166433886,0.11951922569750272,0.15284074377684467,0.08423982550103798
2024-06-11,3.34,-0.007457156108082163,0.11625955781872238,0.08908702134624633,0.12244287665333403,0.149799719837943,0.09875254746007789
2024-06-12,3.336,-0.0011983224921087556,0.06310267211793465,0.08427682605393909,0.12244702673783055,0.1497650061038052,0.09889544243724789
2024-06-13,3.323,-0.0039044951240430727,0.06310269712346728,0.08377776261615882,0.11991387271380335,0.14929130904886673,0.11767507600661407
2024-06-14,3.343,0.006000618065504272,0.10417941398207635,0.0960718734828047,0.12228955299852598,0.149753814072287,0.1152396016280086
2024-06-17,3.333,-0.00299580811235883,0.09505194022563558,0.09491128111671361,0.10726997072864644,0.1497809190649693,0.11520341162634701
2024-06-18,3.344,0.0032948958968524846,0.08118668020182432,0.09753310729796023,0.1081021312962399,0.14821193063438587,0.11905652018324017
2024-06-19,3.334,-0.0029949108938529044,0.08543003384846881,0.08019488782433913,0.10799044150250184,0.1474489598820334,0.11847399603258289
2024-06-20,3.311,-0.006922525763493129,0.1002382620241138,0.08509966977967114,0.10832957380331394,0.1483740778246182,0.11669463807306041
2024-06-21,3.305,-0.0018137852614595533,0.07011364962141152,0.08380820129916586,0.10154383649932638,0.14842206011191178,0.11874736591657964
2024-06-24,3.288,-0.005156996109716176,0.07440886584584802,0.08088496496464753,0.09219040296354296,0.14722029847301682,0.1231389812149861
2024-06-25,3.267,-0.006407344575000323,0.041957819482370665,0.07838832681974833,0.08169082110332475,0.14738808361565442,0.15262029106564093
2024-06-26,3.288,0.006407344575000254,0.1052114884752128,0.09423450150078116,0.08709498085369494,0.14804134474141814,0.15290709273266906
2024-06-27,3.269,-0.005795349451859841,0.10153705108692286,0.0968875237364842,0.08836567425943732,0.14598709061246587,0.15315080784138493
2024-06-28,3.276,0.0021390382487492207,0.10947058797572044,0.0868263018573739,0.08944757820454158,0.1455059702823349,0.1542719019254018
2024-07-01,3.29,0.004264398786457518,0.11237104121120274,0.09429094587177336,0.09209263214490594,0.1453919233872583,0.1548966087515388
2024-07-02,3.285,-0.0015209128407066201,0.09245501784998604,0.08912367660661279,0.09129246349773501,0.1386571416097635,0.1572797292807588
2024-07-03,3.279,-0.001828154074062701,0.0743005317837295,0.08875670333701471,0.08239027643191128,0.13848122653261208,0.1890918788382046
2024-07-04,3.264,-0.0045850607606507075,0.0668469908581171,0.08414323334421395,0.08280521276435598,0.13855398722358167,0.19101802122879163
2024-07-05,3.247,-0.005221943981151601,0.07168791598304973,0.08723664614224921,0.08354827515674637,0.13752885032941684,0.19572962795900936
2024-07-08,3.223,-0.00741889028740815,0.0471092821167013,0.0917511606910417,0.08423982550103798,0.13858627908312354,0.2000627254595575
2024-07-09,3.26,0.011414592545315527,0.1433809542811124,0.11677157748203873,0.09875254746007789,0.14034936087012742,0.19292313885043041
2024-07-10,3.252,-0.002457003693052103,0.14360162153580583,0.10836312560056859,0.09889544243724789,0.14045410049333554,0.19288736320410685
2024-07-11,3.298,0.014046032451843141,0.18972017041659797,0.13622373492343876,0.11767507600661407,0.14312768597616127,0.18115013789156786
2024-07-12,3.308,0.0030275530240377107,0.17314613966677198,0.13666099215374367,0.1152396016280086,0.13233678566505522,0.18013635970057704
2024-07-15,3.315,0.0021138464763809706,0.13126479251482046,0.13516930170307548,0.11520341162634701,0.13024395496540558,0.17925180225247456
2024-07-16,3.34,0.007513183350783192,0.11925685655602777,0.13993035166409257,0.11905652018324017,0.12699483307908738,0.17486763335069577
2024-07-17,3.345,0.0014958865915829297,0.10046133051802467,0.1379971899309676,0.11847399603258289,0.12697078588062988,0.17526791124698368
2024-07-18,3.366,0.006258402188422466,0.05071211237042355,0.13247455306546804,0.11669463807306041,0.12612732667696305,0.18250547147330182
2024-07-19,3.389,0.0068097968562998755,0.05374312948140744,0.12138444035076798,0.11874736591657964,0.1270193344242383,0.1782587242708006
2024-07-22,3.36,-0.008593918649801371,0.12877156633617645,0.1260936404269134,0.1231389812149861,0.1274383186607137,0.1778989081139088
2024-07-23,3.29,-0.021053409197832267,0.22592776752572827,0.18782768940005995,0.15262029106564093,0.1375426139863099,0.15745925313971443
2024-07-24,3.268,-0.006709387779524147,0.22181262436057914,0.192620550183664,0.15290709273266906,0.13828526615108067,0.1564198082166616
2024-07-25,3.248,-0.00613875469832479,0.18900447350694255,0.17257155167335558,0.15315080784138493,0.1336515829352898,0.15513377088582095
2024-07-26,3.263,0.004607595311751929,0.17456065379633354,0.17451606800343883,0.1542719019254018,0.13011715951938627,0.1549923686557133
2024-07-29,3.243,-0.006148190286002622,0.1745119978197751,0.1749655267768415,0.1548966087515388,0.1303188451008665,0.15352629043590285
2024-07-30,3.22,-0.0071174677688638785,0.09547008901513106,0.16402485032166828,0.1572797292807588,0.12539502672499703,0.1523427293024429
2024-07-31,3.297,0.023631604533277038,0.2509623624524039,0.232473745971773,0.1890918788382046,0.13939823236880444,0.106842289877071
2024-08-01,3.272,-0.007611545349093538,0.255470906002349,0.22890816161091837,0.19101802122879163,0.13911865665366344,0.10429267997105393
2024-08-02,3.236,-0.01106341954425522,0.27244492932520886,0.2237868070610065,0.19572962795900936,0.13870185061736132,0.11778821328781275
2024-08-05,3.197,-0.012125129118540941,0.2858807240716303,0.22731909336907988,0.2000627254595575,0.14129762438396412,0.13319840412136713
2024-08-06,3.197,0.0,0.28265175308195867,0.200978029216934,0.19292313885043041,0.14132858556362368,0.13486269958708655
2024-08-07,3.19,-0.0021919532809512032,0.10219966652895036,0.19932209710520843,0.19288736320410685,0.14134278634255487,0.1369989324399818
2024-08-08,3.194,0.0012531329960674502,0.12059121387964372,0.19872459266082626,0.18115013789156786,0.14056839333020651,0.13741116423368765
2024-08-09,3.182,-0.003764119877225591,0.10060794467037623,0.1943769966650094,0.18013635970057704,0.1402368201909412,0.14108692421592697
2024-08-12,3.178,-0.0012578618010708929,0.037020765284175576,0.19290845598519055,0.17925180225247456,0.13631885544030814,0.14995247416511817
2024-08-13,3.183,0.0015720801854315332,0.043508484679927,0.190736014922596,0.17486763335069577,0.13620600215136597,0.1493711397596904
2024-08-14,3.159,-0.007568626480007617,0.07275214934647181,0.09582478952216525,0.17526791124698368,0.13695529260577718,0.1473709821055959
2024-08-15,3.197,0.011957348257756302,0.14114045689071153,0.13365998861189926,0.18250547147330182,0.14064267945529665,0.13368133615306085
2024-08-16,3.199,0.000625390889676591,0.13476416642736133,0.12067008655253389,0.1782587242708006,0.13874160935607902,0.13318113322668
2024-08-19,3.208,0.002809429036887162,0.13283184571189083,0.09699184742052264,0.1778989081139088,0.13637006864560944,0.13361109511207694
2024-08-20,3.192,-0.0050000104167057515,0.1454840658377061,0.10227034559790124,0.15745925313971443,0.13451348449887152,0.14230271362414315
2024-08-21,3.177,-0.004710324300183241,0.1323606534807441,0.10538732104255087,0.1564198082166616,0.1340830606986607,0.14347011204780108
2024-08-22,3.168,-0.002836881335199615,0.0654272167212858,0.10566870700467323,0.15513377088582095,0.1341010306362122,0.1448018152719067
2024-08-23,3.182,0.004409455963415607,0.08376453749510207,0.10793857075049873,0.1549923686557133,0.13458963484960296,0.2484121846782406
2024-08-26,3.183,0.0003142183843605118,0.07554055962041901,0.10761295706014307,0.15352629043590285,0.13440063577375777,0.25547448313172016
2024-08-27,3.166,-0.005355186841135371,0.07706010874863095,0.11196914334766861,0.1523427293024429,0.1346908490662791,0.32633382376346876
2024-08-28,3.146,-0.006337156822734289,0.08393029593802287,0.10904097323894567,0.106842289877071,0.13361244401297118,0.4126594400450238
2024-08-29,3.136,-0.0031837021479245793,0.08431196308588411,0.07117770231132703,0.10429267997105393,0.13354622835348834,0.5525695960642057
2024-08-30,3.181,0.01424751027884571,0.1604260607360253,0.12107375945773824,0.11778821328781275,0.13891201118663277,0.5683562552152942
2024-09-02,3.121,-0.01904214947836469,0.22749791375141423,0.16157889644987483,0.13319840412136713,0.1451836450143616,0.7310302502103923
2024-09-03,3.133,0.003837548681412233,0.23566970163608306,0.1653638515131195,0.13486269958708655,0.14487078798983516,0.7310095281007924
2024-09-04,3.112,-0.006725405653909487,0.23632974855533265,0.1672075357305652,0.1369989324399818,0.14554177840066704,0.7467212787293321
2024-09-05,3.119,0.0022468313095210194,0.23875328113516356,0.1690688790310442,0.13741116423368765,0.14561454170979626,0.7465450799342024
2024-09-06,3.091,-0.009017774475686932,0.17721881747902068,0.1693070366338271,0.14108692421592697,0.14582335510210145,0.7610759393882531
2024-09-09,3.05,-0.013353072530659132,0.14127402900859495,0.17865611820867522,0.14995247416511817,0.14877347089737825,0.757819725708989
2024-09-10,3.05,0.0,0.1229735083102314,0.18025712618994263,0.1493711397596904,0.14834074029510508,0.7623026049470575
2024-09-11,3.043,-0.0022977197044860686,0.12433130121023232,0.17954075705985897,0.1473709821055959,0.14830821956421888,0.7723730344576164
2024-09-12,3.032,-0.003621403134708839,0.10374651329800147,0.17954588579419992,0.13368133615306085,0.14778716254180146,0.7711944601225639
2024-09-13,3.017,-0.004959507603201211,0.09735115833988206,0.13509835357094765,0.13318113322668,0.1480362653464208,0.7681143648908648
2024-09-18,3.027,0.0033090698626576536,0.06226073483581557,0.10751897718594207,0.13361109511207694,0.14822190834830895,0.767989309863365
2024-09-19,3.054,0.00888017675685895,0.1099385932117686,0.12372907842870494,0.14230271362414315,0.1498006748990828,0.774467508077208
2024-09-20,3.063,0.002942621054197578,0.10790283955372448,0.12429530154415724,0.14347011204780108,0.1489645073832614,0.7738001121264001
2024-09-23,3.072,0.0029339874347875704,0.09423431437772854,0.12522077876191076,0.1448018152719067,0.1488477228799842,0.7741015643122484
2024-09-24,3.216,0.0458095360312942,0.35608811007264557,0.3033971273331001,0.2484121846782406,0.1883421640113834,0.7620446652809773
2024-09-25,3.263,0.014508666294463452,0.3414782252449525,0.2850408427953856,0.25547448313172016,0.1915483047161571,0.7659280840998032
2024-09-26,3.429,0.049621655869599615,0.4383644556797755,0.37941074032082767,0.32633382376346876,0.22743481178055272,0.7419521523406784
2024-09-27,3.658,0.06464787648789072,0.4923459058051205,0.48110078038144316,0.4126594400450238,0.2766178819739191,0.6910901703117094
2024-09-30,4.022,0.09486274138178645,0.5593631053678653,0.6399277872132996,0.5525695960642057,0.3588816019678086,0.5538933226398067
2024-10-08,4.201,0.04354330083678466,0.5626757683944256,0.6039057943201293,0.5683562552152942,0.3714993234942352,0.5316145142298422
2024-10-09,3.811,-0.0974309702955218,1.4235843550950762,0.9892416168869824,0.7310302502103923,0.44759782952128924,0.32402353980779286
2024-10-10,3.875,0.01665404091358726,1.4121575460128009,0.9858404633686323,0.7310095281007924,0.44840799416204846,0.3485148832829074
2024-10-11,3.766,-0.028532232570349644,1.3944625693481842,1.0302003026584452,0.7467212787293321,0.4548932273790012,0.328487402709482
2024-10-14,3.829,0.01659024226019679,1.0582088493969568,1.0239545717813827,0.7465450799342024,0.45533767070148,0.3228683149799657
2024-10-15,3.72,-0.028880004210102245,0.8928519924062013,1.052627165657328,0.7610759393882531,0.46185801752488653,0.2983464133930553
2024-10-16,3.695,-0.006743113884890197,0.4330456172438648,1.0604690936139718,0.757819725708989,0.46235568399839905,0.29530932956901856
2024-10-17,3.652,-0.01170559166744302,0.3578380295683445,1.0377310735629632,0.7623026049470575,0.4633176576044675,0.30274951589527965
2024-10-18,3.805,0.04104102858092714,0.5192651855168879,0.9927258503536324,0.7723730344576164,0.4734766534796031,0.2643051209764158
2024-10-21,3.805,0.0,0.4957182951782625,0.7838159919542949,0.7711944601225639,0.47339210440729956,0.2651462786400542
2024-10-22,3.829,0.006287681181508219,0.39841777080074536,0.7188098370568161,0.7681143648908648,0.47336133150837434,0.2647183350583588
2024-10-23,3.844,0.003909818612888593,0.3777326549385331,0.408516002398842,0.767989309863365,0.4726285529933162,0.26442726755961554
2024-10-24,3.8,-0.011512424375706033,0.37681997525393995,0.39970528031782837,0.774467508077208,0.47029926983511866,0.2591665468718358
2024-10-25,3.829,0.007602605762817386,0.14713625311384204,0.3598965889271472,0.7738001121264001,0.4699085451160271,0.2914472115482377
2024-10-28,3.835,0.001565762324061915,0.1465220174898259,0.34578739060385255,0.7741015643122484,0.46940201468000003,0.2918550180261448
2024-10-29,3.802,-0.008642190752982032,0.15775957360821458,0.29471055232701876,0.7620446652809773,0.47021779966537813,0.290125319940799
2024-10-30,3.76,-0.01110828666443433,0.1635777773867864,0.3011798259343948,0.7659280840998032,0.47094387781281194,0.29656342857975027
2024-10-31,3.76,0.0,0.1467283433033866,0.28799468511781534,0.7419521523406784,0.470374756614076,0.29849210462827147
2024-11-01,3.768,0.0021253993123135366,0.11833911815282502,0.13368311097337884,0.6910901703117094,0.4674028345558723,0.30247466863860256
2024-11-04,3.821,0.013967811750646352,0.18985755414178568,0.1615530494261666,0.5538933226398067,0.46762350415780934,0.29827779634064244
2024-11-05,3.926,0.027108927389506446,0.27881186751631903,0.227669084477145,0.5316145142298422,0.4702017418433907,0.27241043857263025
2024-11-06,3.9,-0.006644542718668613,0.2547792366378767,0.23386682658985697,0.32402353980779286,0.46928855200581815,0.272026003026846
2024-11-07,4.037,0.03452528873520303,0.3253601680562759,0.28924778535459184,0.3485148832829074,0.47546601261497246,0.2193956963013481
2024-11-08,3.983,-0.013466537671296503,0.397507169467563,0.3117912323237741,0.328487402709482,0.4771680925331689,0.22450572121151582
2024-11-11,4.004,0.00525855725346683,0.3987329829888654,0.31144729623091927,0.3228683149799657,0.47714328114530413,0.222356054504196
2024-11-12,3.958,-0.011555014272600054,0.3779556149097468,0.3168119256482593,0.2983464133930553,0.47828958303305874,0.2220205587320958
2024-11-13,3.984,0.0065474925419778535,0.3683053136174594,0.3001353669227491,0.29530932956901856,0.478182819915961,0.21941167497302647
2024-11-14,3.913,-0.017981996494076388,0.2165874380121984,0.33215023895383117,0.30274951589527965,0.48116103467200044,0.2122976913594044
2024-11-15,3.844,-0.017790852120229357,0.23233312992789462,0.35750739022916683,0.2643051209764158,0.4832640425699719,0.22596670232287575
2024-11-18,3.827,-0.004432284664480849,0.1974069238189611,0.34971861442808033,0.2651462786400542,0.48313223347801826,0.22674756036268237
2024-11-19,3.847,0.005212417326592771,0.22760682558173545,0.3032080916374938,0.2647183350583588,0.4831253538469416,0.22583222852914733
2024-11-20,3.857,0.0025960554559327238,0.21004869779096424,0.30264702536441734,0.26442726755961554,0.4831263640590886,0.22649267219791175
2024-11-21,3.862,0.001295504780231823,0.17544468063300556,0.18935357258898874,0.2591665468718358,0.482725108452998,0.22653964171229155
2024-11-22,3.742,-0.031564956154424874,0.28767566936148636,0.24713050743735254,0.2914472115482377,0.4899294983264893,0.1794594352076931
2024-11-25,3.72,-0.005896559566842656,0.2875081077763665,0.2349683403315203,0.2918550180261448,0.4902025448482726,0.17686934848637795
2024-11-26,3.712,-0.0021528533611010897,0.2683117613493305,0.2350218505056728,0.290125319940799,0.4903262640127791,0.18224010091922233
2024-11-27,3.776,0.01709443335930004,0.33631717512403875,0.2653037407995193,0.29656342857975027,0.49159424364936566,0.1690056236086936
2024-11-28,3.747,-0.007709728471703877,0.33154748853924115,0.2524335720897433,0.29849210462827147,0.4918715134418328,0.16437927605379338
2024-11-29,3.79,0.011410499282784797,0.21118822025131662,0.25094971051725945,0.30247466863860256,0.4917779011569562,0.1586103819825086
2024-12-02,3.82,0.007884403524148835,0.19293277938756156,0.2559262698996766,0.29827779634064244,0.49166012477588894,0.156579647225366
2024-12-03,3.824,0.001046572570671117,0.18334530070229146,0.25359134091534813,0.27241043857263025,0.4909172975086716,0.1732324112490642
2024-12-04,3.803,-0.005506766243032189,0.15785319904197878,0.25417451408126446,0.272026003026846,0.48827391493359745,0.21468452597116372
2024-12-05,3.796,-0.0018423481984412356,0.13285069327310325,0.25352611340374764,0.2193956963013481,0.4884357370433482,0.21847697982589032
2024-12-06,3.846,0.013085766418906727,0.14334691765513005,0.17020576562560827,0.22450572121151582,0.48838951604736325,0.20802858223448906
2024-12-09,3.843,-0.0007803355838810867,0.13490779901837044,0.162298609122049,0.222356054504196,0.4884957587460413,0.2123751254924204
2024-12-10,3.874,0.008034253402097185,0.14686095360906865,0.16019345941274177,0.2220205587320958,0.4876067685098991,0.20727754650107222
2024-12-11,3.864,-0.002584648634532636,0.1336759032161558,0.13903084650552952,0.21941167497302647,0.485988955215009,0.20729248657677307
2024-12-12,3.906,0.010810916104215676,0.1339901079047951,0.12964190573541998,0.2122976913594044,0.48617782450352837,0.20125559459152045
2024-12-13,3.809,-0.025147144958020173,0.27059065984656705,0.20994307690188838,0.22596670232287575,0.49128418283242087,0.17725647551788107
2024-12-16,3.785,-0.006320800607054883,0.27256975742440176,0.2072030868743801,0.22674756036268237,0.4915795055433482,0.21708694289640604
2024-12-17,3.796,0.002901993858269191,0.2565991985450371,0.2082181592285235,0.22583222852914733,0.49110524402608946,0.21728039459770188
2024-12-18,3.813,0.004468400127745369,0.2671775270502025,0.20766753047194964,0.22649267219791175,0.4911059887140305,0.21579564498487194
2024-12-19,3.819,0.0015723273679523711,0.23432128023277193,0.2072881775354461,0.22653964171229155,0.4909734325598552,0.21655497836142168
2024-12-20,3.807,-0.00314713084301885,0.08579290511805727,0.19013716508577136,0.1794594352076931,0.4912631765148921,0.218420133071938
2024-12-23,3.811,0.0010501444913629382,0.05445319537998546,0.19055158829519298,0.17686934848637795,0.49130151975103803,0.2184866196517913
2024-12-24,3.858,0.012257292591814274,0.10941353749273046,0.19999821168000775,0.18224010091922233,0.48031209653258833,0.21233590223205265
2024-12-25,3.861,0.0007773027985620129,0.11017507277608508,0.19954919037061328,0.1690056236086936,0.47947589648386607,0.21318601358206624
2024-12-26,3.862,0.0002589667242233018,0.11174656219705187,0.1859155598632887,0.16437927605379338,0.46489391328664903,0.21808717629396124
2024-12-27,3.856,-0.0015548072580235872,0.10539017573690582,0.0944811785885413,0.1586103819825086,0.4375586401328069,0.2187556552250545
2024-12-30,3.875,0.004915286057011119,0.10551867627137665,0.08158756079180665,0.156579647225366,0.36888912789773076,0.2168198733532231
2024-12-31,3.811,-0.016654040913587166,0.1582825871384419,0.14049882744695727,0.1732324112490642,0.35387794196268363,0.21598090496493894
2025-01-02,3.698,-0.030099488926790114,0.27650628943175903,0.22788654123162994,0.21468452597116372,0.27017242916031314,0.1834375685194954
2025-01-03,3.658,-0.010875582996259138,0.2597108635850702,0.23001833915954692,0.21847697982589032,0.2678805552578669,0.17543451541179247
2025-01-06,3.642,-0.004383568663257764,0.2514623494678962,0.22988669857903235,0.20802858223448906,0.25897763163168414,0.17534108036004106
2025-01-07,3.669,0.007386164067728768,0.2665425233915988,0.23901881334649452,0.2123751254924204,0.2561872446761004,0.17736278824086196
2025-01-08,3.663,-0.0016366615764677372,0.26796904833145774,0.21467020158409708,0.20727754650107222,0.2462761064512073,0.1777835186521256
2025-01-09,3.655,-0.002186390594935474,0.12533390074919334,0.21206185094752114,0.20729248657677307,0.2457896812453501,0.17870612518787024
2025-01-10,3.612,-0.011834457647002796,0.1314135669538868,0.21136701718895476,0.20125559459152045,0.24582726270527516,0.16718466060657144
2025-01-13,3.597,-0.004161470841252158,0.13114128219838322,0.20937476883695513,0.17725647551788107,0.22316947103532966,0.1705978370958031
2025-01-14,3.695,0.026880389686678278,0.2829558501441194,0.2873891727474946,0.21708694289640604,0.2334775568421399,0.1327861230897072
2025-01-15,3.672,-0.006244081641920995,0.2901334127571488,0.27659013504865604,0.21728039459770188,0.2332732031009227,0.1298564448913799
2025-01-16,3.674,0.0005445140346898021,0.28876899998220407,0.21259919093065546,0.21579564498487194,0.23300950381751478,0.1397403207675289
2025-01-17,3.687,0.0035321324590735143,0.25402457992565614,0.20205591060679418,0.21655497836142168,0.23166285331846195,0.14187556591616726
2025-01-20,3.706,0.005140008611160679,0.2383333280565956,0.20035203081955175,0.218420133071938,0.23120897932355886,0.1513457533828107
2025-01-21,3.711,0.0013482542152925122,0.08342147671426454,0.19674201023607463,0.2184866196517913,0.23119732189493283,0.15447240118408878
2025-01-22,3.675,-0.00974824941366059,0.11136122900025117,0.207207017519806,0.21233590223205265,0.23145283880672302,0.1456313816898068
2025-01-23,3.686,0.0029887265828316503,0.11405030256582592,0.20701989846845142,0.21318601358206624,0.23008820061463528,0.17212422491578777
2025-01-24,3.718,0.008644030051620842,0.13267194488034842,0.19262371135170284,0.21808717629396124,0.2311504999856116,0.1699464371606037
2025-01-27,3.696,-0.005934735519814466,0.13982532017163768,0.19553321838882784,0.2187556552250545,0.23150622350049377,0.16755294742881324
2025-02-05,3.676,-0.005425949285997121,0.1434090514022809,0.11404153173041455,0.2168198733532231,0.22902915430508303,0.16566680296700184
2025-02-06,3.721,0.01216724487104477,0.15562295994432365,0.1297047760853217,0.21598090496493894,0.22063908690080156,0.1687424205965409
2025-02-07,3.777,0.014937594365834297,0.18903261493216483,0.15320845096997274,0.1834375685194954,0.22356099337331353,0.15832281331362288
2025-02-10,3.781,0.0010584811784759359,0.1863323259681612,0.1534347884481647,0.17543451541179247,0.2056102915224002,0.15965700102221905
2025-02-11,3.765,-0.004240663656938869,0.17904032527159555,0.1573491350036531,0.17534108036004106,0.20342274057819987,0.15863944369103997
2025-02-12,3.803,0.010042367694265609,0.15414817609350345,0.1653923964148948,0.17736278824086196,0.20466266414351234,0.15357422759991898
2025-02-13,3.793,-0.0026329662393606342,0.15885844994644266,0.14887318625096868,0.1777835186521256,0.20295379270088906,0.1548897793547095
2025-02-14,3.823,0.007878192007513801,0.12069557733257812,0.15155110459618573,0.17870612518787024,0.20327444665430344,0.18900918092197053
2025-02-17,3.83,0.0018293484782788505,0.12007958386334736,0.1479932667137681,0.16718466060657144,0.19866771736400393,0.18972626008136542
2025-02-18,3.801,-0.007600613185442958,0.13936528062282477,0.15233592300323673,0.1705978370958031,0.19468563508790654,0.18609945659082938
2025-02-19,3.822,0.0055096558109694795,0.11912041813873969,0.14238542735502024,0.1327861230897072,0.19488876862474266,0.1850964650489767
2025-02-20,3.81,-0.0031446566794717194,0.12061401467358404,0.13622475073307613,0.1298564448913799,0.1945900142844503,0.18877073335698114
2025-02-21,3.864,0.0140737272116619,0.15889086563000435,0.13305403633366827,0.1397403207675289,0.19763152210988938,0.19351798611767274
2025-02-24,3.851,-0.003370061517499708,0.16585650134547314,0.1373208442947862,0.14187556591616726,0.19778169055771824,0.1944489110273264
2025-02-25,3.81,-0.010703665694162246,0.18202991962779036,0.15351328485500318,0.1513457533828107,0.18338464672254237,0.18891949360032048
2025-02-26,3.843,0.008624122444097184,0.19158750016451376,0.15040343933008973,0.15447240118408878,0.1838458142979173,0.1857263891414713
2025-02-27,3.856,0.0033770651655922264,0.18644974098241768,0.14881538247070886,0.1456313816898068,0.18385025464596993,0.18585152664078533
2025-02-28,3.783,-0.01911303109740703,0.21085869631960227,0.18733934150922749,0.17212422491578777,0.18547795832293437,0.16760964999271055
2025-03-03,3.77,-0.00344234419097279,0.21083247715190648,0.18675767150606223,0.1699464371606037,0.18467309418735214,0.1692638096750726
2025-03-04,3.766,-0.0010615712249587457,0.19970855104664628,0.1823330092104258,0.16755294742881324,0.18249754028897755,0.16921260568658114
2025-03-05,3.783,0.0045039154159315035,0.18135901408336708,0.18098983999100687,0.16566680296700184,0.18177091693894196,0.16805330313497888
2025-03-06,3.838,0.01443405193461592,0.2344805989681933,0.20252131561048894,0.1687424205965409,0.1852867382195001,0.1557497614362474
2025-03-07,3.828,-0.0026089239948003645,0.14182902440856293,0.18198953727947867,0.15832281331362288,0.18488545934638967,0.3444422554595925
2025-03-10,3.812,-0.004188487798752135,0.14473047376386583,0.18249991415131808,0.15965700102221905,0.18512905944286073,0.35013628448782047
2025-03-11,3.824,0.0031430093971992214,0.14043716745519133,0.17154035830034114,0.15863944369103997,0.1824087801886221,0.3541597469518292
2025-03-12,3.814,-0.002618488010927501,0.1467809879510865,0.1628179471515853,0.15357422759991898,0.18250778159542427,0.36559864681352444
2025-03-13,3.794,-0.005257635665404845,0.06200809502104778,0.16228167057178364,0.1548897793547095,0.1817740126460357,0.3661732378142238
2025-03-14,3.895,0.02627280780988919,0.2512810080695802,0.19268428084996933,0.18900918092197053,0.19315545597233005,0.3439522304073776
2025-03-17,3.883,-0.0030856285731813123,0.24837360684662096,0.19221826010934115,0.18972626008136542,0.19143634316787092,0.3444320090512613
2025-03-18,3.892,0.00231511357422834,0.24864080880492226,0.19043217040243635,0.18609945659082938,0.18089925601636983,0.34448038794030755
2025-03-19,3.898,0.0015404367616105247,0.24170601894570518,0.19050828300635952,0.1850964650489767,0.1801408888040901,0.34430310409267467
2025-03-20,3.865,-0.008501919045983774,0.2547210494974914,0.18496776911984555,0.18877073335698114,0.18138793713462106,0.34436253538992
2025-03-21,3.799,-0.017223807833896793,0.15451351300295313,0.2143198592092583,0.19351798611767274,0.18613272473088277,0.33827614192819927
2025-03-24,3.816,0.0044648793805516385,0.17510548337353404,0.21508154555115072,0.1944489110273264,0.18642627513461396,0.3373342884802699
2025-03-25,3.818,0.0005239717175157599,0.1702981369264711,0.21416124303857234,0.18891949360032048,0.18626429256192378,0.33742406298032085
2025-03-26,3.802,-0.0041994812373184805,0.1605338330721045,0.21510908725305042,0.1857263891414713,0.18653940078851786,0.337366295041453
2025-03-27,3.816,0.0036755095198025465,0.16966254560056385,0.2135495930807914,0.18585152664078533,0.18422618379837247,0.33659462761621345
2025-03-28,3.797,-0.004991472336374754,0.08339383335329506,0.12697267090758588,0.16760964999271055,0.18458935493100564,0.336314779873754
2025-03-31,3.773,-0.006340840267491858,0.08040921484618027,0.12903765609825002,0.1692638096750726,0.18518722672449567,0.3356898458185303
2025-04-01,3.771,-0.0005302227059534342,0.07752364563612803,0.1254937706002229,0.16921260568658114,0.18516455037474633,0.33567523584681747
2025-04-02,3.768,-0.0007958615621034533,0.07606473002812679,0.12270902821828662,0.16805330313497888,0.18469095767971483,0.33934269560355074
2025-04-03,3.748,-0.005321992337940758,0.05205912940008039,0.11877955896346225,0.1557497614362474,0.18061648010669357,0.34021178941081875
2025-04-07,3.484,-0.07304130538591941,0.5984033864274504,0.43805268012672854,0.3444422554595925,0.24430441425997515,0.0962531530441999
2025-04-08,3.519,0.009995799349191849,0.6402836829734855,0.44597405595157663,0.35013628448782047,0.24450500952432103,0.0937775693914344
2025-04-09,3.555,0.010178204915756052,0.6667369755925794,0.45721983307714603,0.3541597469518292,0.24576244381521248,0.09670886304996297
2025-04-10,3.618,0.017566323717899065,0.7113491403036549,0.48117376521210214,0.36559864681352444,0.24901954026550518,0.07157001099508216
2025-04-11,3.629,0.0030357412578298206,0.7179077547787835,0.48072339753038784,0.3661732378142238,0.2491232801507832,0.0860233343308713
2025-04-14,3.637,0.002202037773918681,0.11958887168244707,0.4827038871212908,0.3439522304073776,0.24913708455527958,0.09942511347478702
2025-04-15,3.64,0.000824515643797352,0.13452934949326387,0.4834190216462178,0.3444320090512613,0.24739324811517538,0.1050531857301551
2025-04-16,3.649,0.0024694758056612895,0.1327749098883112,0.484527123383018,0.34448038794030755,0.24722240508284796,0.10602769668896131
2025-04-17,3.652,0.00082180527841143,0.019153438717888105,0.4849630255846915,0.34430310409267467,0.2380339534324484,0.10706311842134487
2025-04-18,3.662,0.002734483519596908,0.017590532196977843,0.4859257493671622,0.34436253538992,0.23765222947819256,0.10747408569413404
2025-04-21,3.664,0.0005460005595649037,0.01978085295531394,0.10800336594516213,0.33827614192819927,0.23765225233600545,0.10784068328751696
2025-04-22,3.667,0.000818442277304996,0.01979925614111007,0.10510930704882027,0.3373342884802699,0.23749372773854976,0.11528329380035048
2025-04-23,3.671,0.00109021542550818,0.01677271166548111,0.09796230240712583,0.33742406298032085,0.23715173708522505,0.11916533390209853
2025-04-24,3.671,0.0,0.019689470045505555,0.020141497818889187,0.337366295041453,0.23712206792523263,0.12255866139871721
2025-04-25,3.671,0.0,0.009317786518365376,0.018778843137030182,0.33659462761621345,0.23590458890466787,0.12278907616892461
2025-04-28,3.665,-0.0016357691760823369,0.02030721288199363,0.023727080979641324,0.336314779873754,0.23581565785650196,0.12450990394246313
2025-04-29,3.658,-0.00191178536994089,0.02399848272003327,0.02869631836790674,0.3356898458185303,0.2348307123435809,0.1244879439595102
2025-04-30,3.655,-0.0008204567669322079,0.01705569352198627,0.026290605651982418,0.33567523584681747,0.2344060496813051,0.12440387504461003
2025-05-06,3.692,0.010072223438863938,0.09644979301713157,0.06563420058013418,0.33934269560355074,0.23537748271969738,0.11896924966745408
2025-05-07,3.716,0.006479504310986402,0.10496826083064395,0.07293491742856117,0.34021178941081875,0.2339833265308072,0.11665498158764452
2025-05-08,3.739,0.006170375043384451,0.09831005794508606,0.07781652544169651,0.0962531530441999,0.231501596722391,0.11409099160461714
2025-05-09,3.734,-0.0013381508754457432,0.09523763007330514,0.08022747520813345,0.0937775693914344,0.2314984797454767,0.11405933791930387
2025-05-12,3.779,0.011979379247821094,0.09750136113075741,0.10063853188876457,0.09670886304996297,0.23320118866066686,0.105426918980025
2025-05-13,3.783,0.0010579212835403668,0.09922538659366816,0.09959999182766399,0.07157001099508216,0.23187146140883122,0.11174745345802709
2025-05-14,3.834,0.013391298972560509,0.12394989797049598,0.11489672498059976,0.0860233343308713,0.23414062125187218,0.09462638774317801
2025-05-15,3.8,-0.00890757789111276,0.17940122792898106,0.13659659711445934,0.09942511347478702,0.23438619864357682,0.0915083135288768
2025-05-16,3.778,-0.005806297653022204,0.19331993212495363,0.14477153909530374,0.1050531857301551,0.23475356870798358,0.08902462559289814
2025-05-19,3.772,-0.0015894043081068018,0.16416465021187296,0.14571503756249324,0.10602769668896131,0.2340527705270227,0.08874593261687982
2025-05-20,3.792,0.005288219621564382,0.17134591456256268,0.13922113797134059,0.10706311842134487,0.2340204106015567,0.0857031905620522
2025-05-21,3.808,0.004210532536343458,0.11777784967147614,0.13736740552037516,0.10747408569413404,0.23413762388594667,0.08993514694060503
2025-05-22,3.806,-0.0005253480551610191,0.08634904257110085,0.13595329288068259,0.10784068328751696,0.23145891846019895,0.09038029040153703
2025-05-23,3.777,-0.007648725143637961,0.09880477625337088,0.14673405000531956,0.11528329380035048,0.23205530144326378,0.0862758639746827
2025-05-26,3.756,-0.005575482384303395,0.10972683828174498,0.13172771394046273,0.11916533390209853,0.23097837718838762,0.09665140286898966
2025-05-27,3.735,-0.005606742761235835,0.09219525159037922,0.13443040367836417,0.12255866139871721,0.23026635420753663,0.11440469049396736
2025-05-28,3.731,-0.0010715243457597825,0.05964725270335209,0.09219053554215463,0.12278907616892461,0.23006727890822642,0.1164033268545507
2025-05-29,3.755,0.00641199097707717,0.1076034624138885,0.09685383159724387,0.12450990394246313,0.22590180364295534,0.11884783937405945
2025-05-30,3.748,-0.0018659208399221746,0.09378156190535693,0.09204556344750887,0.1244879439595102,0.22579197310874216,0.1191176071713624
2025-06-03,3.746,-0.0005337603542790749,0.08329990249127497,0.09189794435129485,0.12440387504461003,0.22578178452143455,0.11877997070625833
2025-06-04,3.763,0.004527907589403441,0.07108361148486995,0.08998640561895584,0.11896924966745408,0.22578481141543444,0.11804041975302973
2025-06-05,3.773,0.0026539293708731627,0.06574144038146647,0.0869336040764657,0.11665498158764452,0.22294904001286842,0.11953301378318798
2025-06-06,3.775,0.0005299417188145962,0.048660530972771475,0.08736228031435635,0.11409099160461714,0.2228810091105062,0.12002168131640448
2025-06-09,3.784,0.0023812684886438656,0.03761481677174977,0.0758081127143657,0.11405933791930387,0.22274858215608076,0.12299311931482212
2025-06-10,3.761,-0.006096771701432435,0.07846607376151571,0.07746200435369328,0.105426918980025,0.22307604574894205,0.12191962094462236
2025-06-11,3.793,0.008472383218562448,0.0998842164914623,0.08173607915475056,0.11174745345802709,0.2240309938562771,0.11904657960764098
2025-06-12,3.795,0.0005271481408312712,0.0994654776917117,0.08022039987959648,0.09462638774317801,0.22365985598535534,0.119795127076516
2025-06-13,3.769,-0.006874696562594793,0.12145401060632792,0.08832695217904844,0.0915083135288768,0.21432304507938202,0.11322272219004292
2025-06-16,3.779,0.002649710082353563,0.1220187790654447,0.08789873935086744,0.08902462559289814,0.2143697769946148,0.11378774010718945
2025-06-17,3.778,-0.0002646552880341269,0.10565922485279337,0.08774509469846706,0.08874593261687982,0.2142581338595471,0.11367978378369174
2025-06-18,3.781,0.000793755829478076,0.06970842403706197,0.08422809077482235,0.0857031905620522,0.2142221525268854,0.11520343127246899
2025-06-19,3.75,-0.00823268492647638,0.09276317746928987,0.09745863585202369,0.08993514694060503,0.21416101877997368,0.10807336394464657
2025-06-20,3.755,0.0013324452337786948,0.08245282281457576,0.09795911498332825,0.09038029040153703,0.2100493753816016,0.10949584627808488
2025-06-23,3.768,0.00345607149801862,0.08570529532250665,0.09945882791027567,0.0862758639746827,0.20992564776588307,0.11021736092538292
2025-06-24,3.813,0.011871924161310143,0.1371247112987173,0.11579604219382636,0.09665140286898966,0.21202678226967572,0.108785112931348
2025-06-25,3.878,0.01690327594503341,0.18617010357693192,0.14442257951854917,0.11440469049396736,0.21580925646758653,0.09112906416474158
2025-06-26,3.863,-0.00387547313631588,0.15959346250475995,0.14889102438092994,0.1164033268545507,0.2158886666512383,0.08782411287188198
2025-06-27,3.84,-0.005971717084508783,0.18842362200202478,0.14684927361344485,0.11884783937405945,0.21604808503181203,0.08668743209550236
2025-06-30,3.859,0.004935715955846155,0.18811604604555887,0.14798891314028823,0.1191176071713624,0.21573004770690238,0.08626937080279078
2025-07-01,3.865,0.001553599483903593,0.17260178091604608,0.147218903375504,0.11877997070625833,0.2157371405319404,0.0865299589253947
2025-07-02,3.869,0.0010343936789907295,0.08406509377702209,0.1471277491450296,0.11804041975302973,0.21572106176018283,0.08765885437387236
2025-07-03,3.892,0.005927088605382529,0.08932948392113117,0.1298729432991739,0.11953301378318798,0.21564618726960164,0.12713527227584737
2025-07-04,3.909,0.004358422487059038,0.04112841336695169,0.1289030437990841,0.12002168131640448,0.11133959747364469,0.13018464782014255
2025-07-07,3.891,-0.004615392808401169,0.07717583761853729,0.13914982396709322,0.12299311931482212,0.11061173026232468,0.1281655424772446
2025-07-08,3.925,0.008700157231955207,0.09775793564205293,0.1322951796629006,0.12191962094462236,0.10996698272244769,0.12715814533471748
2025-07-09,3.922,-0.0007646234602171741,0.10229759091037174,0.09391979984515866,0.11904657960764098,0.10260114939406818,0.12673431612089958
2025-07-10,3.942,0.005086480956373894,0.10012268242590648,0.09008458649001068,0.119795127076516,0.10293438664858226,0.1261759066952938
2025-07-11,3.956,0.0035452050299372754,0.09901960769774557,0.07244767990781739,0.11322272219004292,0.10305407947775574,0.12700067736854778
2025-07-14,3.955,-0.00025281254084847564,0.0749429495550285,0.07352944595848514,0.11378774010718945,0.10312560950108149,0.12758561430053178
2025-07-15,3.955,0.0,0.05008816977004278,0.07489026266333412,0.11367978378369174,0.10314456480768738,0.12898858771561403
2025-07-16,3.946,-0.002278193619193571,0.057514528330835125,0.07968460083965925,0.11520343127246899,0.10352400371914376,0.13054359822791703
2025-07-17,3.979,0.008328123844367978,0.07976435385549625,0.08561880186598507,0.10807336394464657,0.10491663294875618,0.12880861745645625
2025-07-18,4.009,0.007511302215578434,0.0934038699884232,0.09078903208446683,0.10949584627808488,0.10597378471984029,0.13062071914203527
2025-07-21,4.034,0.006216605871649941,0.09131551888249836,0.07906235876605143,0.11021736092538292,0.10659364783687938,0.13164324128608834
2025-07-22,4.078,0.010848232620243613,0.09538461326952692,0.08547679949616147,0.108785112931348,0.10900065948455297,0.12893988345204743
2025-07-23,4.076,-0.0004905567917852207,0.08117849181335111,0.08489416779728683,0.09112906416474158,0.10905615031514157,0.13959874120221974
2025-07-24,4.102,0.006358544289710546,0.07880236574736788,0.08598553243323419,0.08782411287188198,0.10955353638329243,0.13836271772827297
2025-07-25,4.08,-0.005377671234118601,0.12243766314722272,0.10302066986300952,0.08668743209550236,0.1106731575839474,0.1622765906905885
2025-07-28,4.091,0.0026924505311911717,0.11898531098129796,0.10065870145871587,0.08626937080279078,0.11030299616507369,0.17647749811044153
2025-07-29,4.112,0.0051200892056023975,0.09025366015348288,0.0984122207506334,0.0865299589253947,0.11038152008172021,0.18100891446091733
2025-07-30,4.109,-0.00072983825159128,0.09079559544416854,0.09485489432411275,0.08765885437387236,0.10867458932141746,0.19719010795519343
2025-07-31,4.032,-0.018917159132205225,0.18162893336876634,0.16319428325289864,0.12713527227584737,0.11940787607155369,0.18287351448111697
2025-08-01,4.01,-0.005471289450589767,0.18172169252008927,0.16207434165468004,0.13018464782014255,0.11995769842714997,0.1778430621207255
2025-08-04,4.029,0.0047269648907324446,0.18870549382004992,0.16000303123631313,0.1281655424772446,0.12010700833906071,0.17805939814976943
2025-08-05,4.06,0.00766476740443094,0.19969641711938368,0.15211075886230174,0.12715814533471748,0.11818242085516097,0.18403702791149798
2025-08-06,4.071,0.0027056959072005206,0.20464247955011566,0.15329082021947443,0.12673431612089958,0.1182404292341699,0.1934283499479032
2025-08-07,4.07,-0.00024567006633799393,0.09591113744926538,0.14703122527346366,0.1261759066952938,0.11427569053998303,0.2214157553738872
2025-08-08,4.06,-0.002460025840862534,0.07630919583309573,0.14436615789472862,0.12700067736854778,0.11190085541616775,0.23439193756751844
2025-08-11,4.079,0.0046688867217800495,0.07615448705465822,0.14661027859657716,0.12758561430053178,0.11087748485976258,0.23505151427333504
2025-08-12,4.105,0.006353882568970374,0.06842068767835413,0.14863351910270678,0.12898858771561403,0.11133676230683544,0.2388078106865568
2025-08-13,4.14,0.008490044932831241,0.08748086981919326,0.15740478845901823,0.13054359822791703,0.11230261618262267,0.23780074607742802
2025-08-14,4.133,-0.0016922523076276484,0.09358386444039817,0.09014360635495013,0.12880861745645625,0.11235301895663052,0.25765475759821954
2025-08-15,4.172,0.009392001608930558,0.08394232533301267,0.08130539909872815,0.13062071914203527,0.11397176732341412,0.26275567821678897
2025-08-18,4.204,0.007640915876178794,0.08527314202946983,0.08427138888685456,0.13164324128608834,0.11258431420929937,0.262286372516139
2025-08-19,4.182,-0.005246852008262684,0.12815840791989325,0.0980422694715629,0.12893988345204743,0.1124542389922834,0.2605746539519173
2025-08-20,4.241,0.014009489486011656,0.15315541378012362,0.11850034485815625,0.13959874120221974,0.11485382688154638,0.25699623017831225
2025-08-21,4.255,0.0032956715328839527,0.1390830566858742,0.11512773496900922,0.13836271772827297,0.11460848959892185,0.26638164398883085
2025-08-22,4.356,0.023459443045376522,0.2072805161340693,0.152507654225044,0.1622765906905885,0.12567211610123466,0.2491364620264805
2025-08-25,4.442,0.019550520401521658,0.226198786274344,0.16877016195897834,0.17647749811044153,0.13203623140167517,0.2357316662086809
2025-08-26,4.418,-0.005417620474310306,0.22732087981130447,0.1887176879521576,0.18100891446091733,0.13334921420309553,0.23417369954734718
2025-08-27,4.352,-0.015051595444283894,0.3118600566600674,0.23165173515816997,0.19719010795519343,0.1402974987430322,0.2250894189721431
2025-08-28,4.436,0.019117559934479084,0.3318533888135539,0.24121165761483662,0.18287351448111697,0.14621624751491435,0.21315238240849904
2025-08-29,4.478,0.009423448688442462,0.292843785828193,0.2412239830058957,0.1778430621207255,0.1470434451369871,0.2151325128757828
2025-09-01,4.493,0.0033441119114600115,0.2518855280902828,0.24221217905822282,0.17805939814976943,0.14704378531364723,0.22597691076303913
2025-09-02,4.467,-0.005803587718041426,0.25298148359572425,0.24334176193220397,0.18403702791149798,0.14693501399333603,0.22381224505897246
2025-09-03,4.426,-0.009220800741123558,0.21935669014929057,0.25482821179480597,0.1934283499479032,0.14922203745705234,0.22629721139046446
2025-09-04,4.333,-0.021236098871085598,0.22590724796432385,0.2980629997660514,0.2214157553738872,0.16030979589725353,0.22558218657236764
2025-09-05,4.431,0.02236514945958009,0.31082946076833196,0.2948970145872611,0.23439193756751844,0.16617389690981152,0.2106582453565841
2025-09-08,4.432,0.0002256572276302529,0.306953886500401,0.2694927315552474,0.23505151427333504,0.16628567590217314,0.21666815030605918
2025-09-09,4.405,-0.00611069005683983,0.3072452040932214,0.2700661960451397,0.2388078106865568,0.16754141714500995,0.2203583681750125
2025-09-10,4.415,0.0022675746677805605,0.30093618628779956,0.2513043725378536,0.23780074607742802,0.16748477168325412,0.2204247842607453
2025-09-11,4.537,0.027258166625903517,0.28052989448505694,0.2779333222452362,0.25765475759821954,0.17596591478952545,0.21111705758898486
2025-09-12,4.498,-0.00863314714470289,0.2727108354983047,0.2804338499105045,0.26275567821678897,0.17831256552264574,0.20838524599934638
2025-09-15,4.506,0.0017769884729286836,0.2715897444578717,0.2799363406252293,0.262286372516139,0.17833461670224302,0.21821773012845222
2025-09-16,4.497,-0.001999334221482377,0.260624321013487,0.27751152552034036,0.2605746539519173,0.17733535991231705,0.21861016401859965
2025-09-17,4.53,0.007311431706372351,0.26089096421135394,0.27152617373636817,0.25699623017831225,0.17414882474404678,0.21715556892327187
2025-09-18,4.471,-0.013109842243099095,0.15522831120776753,0.2461880590649826,0.26638164398883085,0.17772248807853808,0.21334352377456553
2025-09-19,4.481,0.00223413855216244,0.14631332095658142,0.20976381515065828,0.2491364620264805,0.176468866303904,0.21762839900615857
2025-09-22,4.496,0.0033418767873841463,0.14936577697722533,0.21006836924712155,0.2357316662086809,0.1763806075778369,0.21992585887422372
2025-09-23,4.499,0.000667037267645167,0.14856801238172349,0.20410269938163175,0.23417369954734718,0.1764250260425022,0.2245266470642532
2025-09-24,4.54,0.009071862194221365,0.1569048285464953,0.20840812140240844,0.2250894189721431,0.1771154727167528,0.2271236622790699
2025-09-25,4.572,0.007023733879307705,0.06647935704238532,0.13499371151133108,0.21315238240849904,0.17726099926728459,0.23575669551115797
2025-09-26,4.528,-0.009670405031682558,0.14006278663169758,0.13803463547381112,0.2151325128757828,0.1797999815033752,0.23113584214534005
2025-09-29,4.605,0.016862328806388476,0.18989208461437634,0.16947182088797283,0.22597691076303913,0.18236410936862796,0.2226521775192177
2025-09-30,4.618,0.0028190412250334923,0.1864871639560559,0.1671447013371606,0.22381224505897246,0.18176446511752598,0.22237873945073422
2025-10-09,4.693,0.016110325879976822,0.20818258143799998,0.1846249029733368,0.22629721139046446,0.1845133546536412,0.22095674727990386
2025-10-10,4.596,-0.02088567682577123,0.3133555780578625,0.21631295392240096,0.22558218657236764,0.1935855887893404,0.20069073835643
2025-10-13,4.569,-0.005891997405374856,0.30305695983629877,0.2225903131725397,0.2106582453565841,0.1946841817040056,0.19849714226480059
2025-10-14,4.522,-0.010339988725356318,0.26664432450290054,0.23415510775921872,0.21666815030605918,0.19710944704376626,0.19752110487405938
2025-10-15,4.583,0.013399431671208993,0.3028837007084772,0.24665591767651385,0.2203583681750125,0.19893258624847293,0.1898663334596418
2025-10-16,4.598,0.0032676208140027824,0.24990647152192869,0.24221636083731726,0.2204247842607453,0.1985860232377931,0.19386066013310105
2025-10-17,4.501,-0.021321832030194044,0.2525945949913165,0.27343287095235835,0.21111705758898486,0.20655303658136084,0.18181568546252388
2025-10-20,4.517,0.003548462361671397,0.2595300038210346,0.2691709881672568,0.20838524599934638,0.2061361998311683,0.1846401115909723
2025-10-21,4.587,0.015378158942567775,0.27902172342111686,0.26546978928398696,0.21821773012845222,0.20852341591141652,0.1743907258218481
2025-10-22,4.572,-0.003275469682470647,0.2570224261991705,0.26503355243012416,0.21861016401859965,0.20778339203099747,0.17441283717824962
2025-10-23,4.59,0.003929278139889557,0.257963359026608,0.24238848859900128,0.21715556892327187,0.20775401740559876,0.17454886528939212
2025-10-24,4.647,0.01234182603038766,0.14289251515260545,0.22077644211529862,0.21334352377456553,0.20905430654564539,0.19376920925205599
2025-10-27,4.703,0.01197875286006957,0.14575019010517068,0.22418486492425568,0.21762839900615857,0.2096066348406304,0.18297664217559564
2025-10-28,4.679,-0.005116191078831671,0.15675538443623363,0.21365615140075547,0.21992585887422372,0.21041521575484154,0.18955516589419355
2025-10-29,4.739,0.01274173110137187,0.14871498032646416,0.21244292322401445,0.2245266470642532,0.2118954993685355,0.1817574677869779
2025-10-30,4.7,-0.008263634269438267,0.20047798571672842,0.2237406041150854,0.2271236622790699,0.21338578073074738,0.18002938882803682
2025-10-31,4.633,-0.014357902281501597,0.23488900226124665,0.19633376112077097,0.23575669551115797,0.2108707215162336,0.17254709377297262
2025-11-03,4.64,0.001509759803652568,0.1978236231316599,0.19644299327253034,0.23113584214534005,0.2099769654291056,0.18072606409092615
2025-11-04,4.606,-0.0073545648396704435,0.20121651348762296,0.18452802027005594,0.2226521775192177,0.21127048674668392,0.17919598524528363
2025-11-05,4.612,0.0013018010083192058,0.12989915116540243,0.18288185948960475,0.22237873945073422,0.2108404646482999,0.17972249078186062
2025-11-06,4.682,0.015063766661906411,0.21106140328482412,0.20182387527382087,0.22095674727990386,0.2132407221271143,0.16570433226087533
2025-11-07,4.672,-0.0021381235427932123,0.1585536086410758,0.19031897296051986,0.20069073835643,0.21343316565813034,0.17174140669644392
2025-11-10,4.684,0.0025652002095451236,0.1587086733217314,0.17526873063194523,0.19849714226480059,0.21309958681195884,0.17491258183936967
2025-11-11,4.64,-0.009438079497307152,0.170351396809826,0.1818034344378319,0.19752110487405938,0.21499543884534636,0.17181529532164097
2025-11-12,4.642,0.00043094161408149833,0.17059260999247286,0.15819396499173644,0.1898663334596418,0.2147747771990765,0.1717762828950606
2025-11-13,4.689,0.010074032255203931,0.13558294022017794,0.16758280062672817,0.19386066013310105,0.2151039352950698,0.1669412898892378
2025-11-14,4.618,-0.015257629175145573,0.19178721001030752,0.17071687378856407,0.18181568546252388,0.21913814520898275,0.1576589888801939
2025-11-17,4.587,-0.0067354953172687896,0.18653780803687683,0.17435336712693675,0.1846401115909723,0.21931411494261172,0.15708082679894708
2025-11-18,4.56,-0.005903592088740212,0.17977765504845672,0.1724690874123087,0.1743907258218481,0.2195428445244332,0.16118571494485404
2025-11-19,4.574,0.0030654720742946395,0.18629619920505847,0.17374962670706673,0.17441283717824962,0.2189530252349276,0.17835940091681482
2025-11-20,4.553,-0.0046017392479443,0.12466912197814285,0.13768397310969582,0.17454886528939212,0.2171759687404978,0.17969456082392454
2025-11-21,4.441,-0.02490678004267982,0.19708181921479007,0.19148843245065747,0.19376920925205599,0.22642170262193156,0.14148428723770776
2025-11-24,4.434,-0.0015774651158454087,0.20445281434380208,0.18635560730236403,0.18297664217559564,0.2191660710568775,0.14457739581412987
2025-11-25,4.474,0.008980751873818082,0.2456977952156633,0.2029911820595011,0.18955516589419355,0.21493090341256318,0.1410668801222802
2025-11-26,4.503,0.006460978251496759,0.2558678955212296,0.21101009322275155,0.1817574677869779,0.21503449486441661,0.1397080581459109
2025-11-27,4.499,-0.0008886914603994444,0.25588422311966474,0.19300457623586884,0.18002938882803682,0.21158175562592615,0.13932680356899588
2025-11-28,4.512,0.0028853643367224933,0.08738712161156224,0.18138205974050994,0.17254709377297262,0.2064978107527888,0.13956773830459124
2025-12-01,4.564,0.01145891780407149,0.0935017234339035,0.19613558260571587,0.18072606409092615,0.20711529517771288,0.1345374614914991
2025-12-02,4.543,-0.0046118452225629315,0.11953529191369178,0.19484401495728867,0.17919598524528363,0.2073254094057055,0.13237145514562723
2025-12-03,4.522,-0.004633212921488143,0.12802183884628,0.19488476456740145,0.17972249078186062,0.20713629807566802,0.13210674543756346
2025-12-04,4.534,0.002650178229559116,0.12722416802690353,0.19459025623992152,0.16570433226087533,0.20586019237492517,0.15349612664408943
2025-12-05,4.575,0.009002146642147444,0.14285693379968503,0.1117157530059826,0.17174140669644392,0.19961273323719209,0.16188884029176104
2025-12-08,4.609,0.0074042150108866115,0.12321124115454404,0.11004552424569114,0.17491258183936967,0.19296251271615564,0.16222982642568615
2025-12-09,4.585,-0.005220808029943109,0.12624857567307818,0.1165564729384349,0.17181529532164097,0.19350456359505708,0.16493519755241512
2025-12-10,4.579,-0.001309472033469796,0.11321796556466655,0.11515960855438316,0.1717762828950606,0.19284097022959212,0.16483118957822124
2025-12-11,4.545,-0.007452906045516233,0.1414297337112654,0.12727437170693987,0.1669412898892378,0.19382304700294892,0.15996821571434225
2025-12-12,4.571,0.0057042717201652125,0.1251796630546886,0.13006127822490227,0.1576589888801939,0.1823545574249481,0.1614284778757598
2025-12-15,4.544,-0.005924317930757118,0.10100699182585406,0.11670641052101982,0.15708082679894708,0.181670865479707,0.16180276465134277
2025-12-16,4.497,-0.010397173630279833,0.12002890054472547,0.1296151459498201,0.16118571494485404,0.1834769537242888,0.15170740874281222
2025-12-17,4.576,0.01741474628892627,0.22084034464206756,0.16756330221386734,0.17835940091681482,0.18837300370469906,0.1385464003886137
2025-12-18,4.545,-0.006797526448054503,0.2189202422306531,0.1738224151584206,0.17969456082392454,0.18833394710210255,0.13335723529323956
2025-12-19,4.565,0.0043907864174897605,0.21606628191220154,0.16647501392270897,0.14148428723770776,0.18569379091591512,0.13460062994165153
2025-12-22,4.607,0.0091583719068482,0.21841955500555157,0.17003194023040868,0.14457739581412987,0.1869105270739888,0.13036901535068743
2025-12-23,4.617,0.002168257571071803,0.1705147669549356,0.1667354085429031,0.1410668801222802,0.18682105862081247,0.13056728491086828
2025-12-24,4.634,0.0036752824853327273,0.11133566268562517,0.1670239221581199,0.1397080581459109,0.18699067455938106,0.1325215196800773
2025-12-25,4.643,0.0019402830276001844,0.05578954981006705,0.15661885539987605,0.13932680356899588,0.18578994138778235,0.13248391100403867
2025-12-26,4.661,0.0038693083528191143,0.05586149208873296,0.15530896800532223,0.13956773830459124,0.18525359685245243,0.1318021666712931
2025-12-29,4.64,-0.004515651152439922,0.06559134624275803,0.15262247115807506,0.1345374614914991,0.18396541652065818,0.13024142718510895
2025-12-30,4.65,0.0021528533611010927,0.0655756017487227,0.12779095366929913,0.13237145514562723,0.17934523420965093,0.13477304122712516
2025-12-31,4.63,-0.004310351501122323,0.07533279637754087,0.09362701142331051,0.13210674543756346,0.17955373636786565,0.14456760861944365
2026-01-05,4.721,0.019463773466007042,0.1866782620334591,0.13023144104035012,0.15349612664408943,0.18158911580523895,0.15551616031162943
2026-01-06,4.796,0.015761595601118072,0.21526513912842268,0.14908065598714074,0.16188884029176104,0.17784674456152108,0.1515908174195659
2026-01-07,4.778,-0.0037601882616501293,0.2120633184542035,0.15457206349935032,0.16222982642568615,0.17743442268909493,0.15766734054040443
2026-01-08,4.74,-0.007984913196632578,0.24358770020965712,0.1699145211105776,0.16493519755241512,0.17661736927168373,0.1561157724630559
2026-01-09,4.762,0.004630612357685788,0.2277747279410174,0.17025074202269136,0.16483118957822124,0.17404831212099905,0.15608394176284157
2026-01-12,4.79,0.005862663358152919,0.17614755702937848,0.1711645369016027,0.15996821571434225,0.17440812973901193,0.1714812952779512
2026-01-13,4.773,-0.0035553733990644426,0.11372278180736217,0.17565966469740238,0.1614284778757598,0.16583573100792437,0.17115563546146287
2026-01-14,4.743,-0.006305191128314765,0.1212666901939978,0.17881086081357125,0.16180276465134277,0.16666959140899607,0.16931433787588093
2026-01-15,4.752,0.0018957351648989757,0.10042599216239287,0.17882009773940866,0.15170740874281222,0.16264981881123458,0.1691227344484203
2026-01-16,4.736,-0.00337268447863923,0.09346850720812348,0.17752708750808477,0.1385464003886137,0.16266428411762007,0.17594232373162783
2026-01-19,4.738,0.0004222081548892327,0.06315805331882642,0.13485072578872123,0.13335723529323956,0.16244838423699953,0.18133080872811805
2026-01-20,4.724,-0.00295920740147787,0.06217376404214015,0.08711596134043324,0.13460062994165153,0.15992911812554217,0.18356431624632352
2026-01-21,4.73,0.0012693041687258215,0.04680572124698054,0.08715275395703603,0.13036901535068743,0.15723887082307877,0.18407865710453303
2026-01-22,4.727,-0.0006344506927423642,0.03910581120631848,0.07354598227338131,0.13056728491086828,0.1567075569023227,0.18429320284895698
2026-01-23,4.704,-0.004877541214773581,0.04828156539418959,0.07018390953961907,0.1325215196800773,0.1539647096757852,0.1833643958720087
2026-01-26,4.712,0.0016992357529598428,0.05352166048947697,0.05625671552083998,0.13248391100403867,0.15266149662237372,0.19181715315250578
2026-01-27,4.71,-0.0004245383209591776,0.0497371023565177,0.055105820566748516,0.1318021666712931,0.14833736216219626,0.2012892000922485
2026-01-28,4.725,0.0031796529173795844,0.058220852141222454,0.04991732150871784,0.13024142718510895,0.14848048441859524,0.20561797045691374
2026-01-29,4.768,0.009059368817342513,0.09747454174486347,0.07541407360458344,0.13477304122712516,0.14876270651775167,0.2015724334095502
2026-01-30,4.711,-0.012026730045144509,0.14781682052154146,0.1049963081519398,0.14456760861944365,0.15195845317220666,0.1981943172443496
2026-02-02,4.6,-0.023843896222854884,0.25088631017696106,0.1750550687744648,0.15551616031162943,0.1588051258328059,0.1758758141546516
2026-02-03,4.664,0.013817145553141903,0.2985827944891344,0.20226845855290712,0.1515908174195659,0.1624923019515622,0.16780354657170754
2026-02-04,4.707,0.009177313370814013,0.31210018725519584,0.21172903296616272,0.15766734054040443,0.16395703667837197,0.1639522566549846
2026-02-05,4.679,-0.005966350534925869,0.2948763732134286,0.21431384580102758,0.1561157724630559,0.16293038218654596,0.1626547173042688
2026-02-06,4.649,-0.006432269175631588,0.28426267719124193,0.21565024824824627,0.15608394176284157,0.16373181802525683,0.16008556528155585
2026-02-09,4.727,0.016638609102651657,0.20941706459041795,0.24111298490502922,0.1714812952779512,0.16699240094730688,0.1452098446544511
2026-02-10,4.733,0.0012684991130114094,0.19021501589914386,0.24111853730694005,0.17115563546146287,0.16248253987692404,0.14611486013790842
2026-02-11,4.723,-0.0021150600101308556,0.1806390711196021,0.2408423972317261,0.16931433787588093,0.16162287369957942,0.1560746069346669
2026-02-12,4.727,0.0008465608971192461,0.166603351549267,0.23324641905354132,0.1691227344484203,0.16082725424887861,0.15651165908786205
2026-02-13,4.671,-0.01191757029112834,0.19605030370791657,0.2330353792120059,0.17594232373162783,0.16362734064354123,0.20070585312789058
2026-02-24,4.716,0.009587801155153612,0.14788411842186056,0.18098601710780113,0.18133080872811805,0.1647101472246593,0.20244327847899019
2026-02-25,4.75,0.007183635371425329,0.16216121909501252,0.16813009853325234,0.18356431624632352,0.1525515954765048,0.21129416800097248
2026-02-26,4.735,-0.0031628914085081953,0.16406705358357435,0.16269283481800847,0.18407865710453303,0.1527750494444164,0.2157274530497136
2026-02-27,4.725,-0.0021141656923356366,0.16545303598494754,0.1579907023333186,0.18429320284895698,0.15167888816872488,0.21786726619367902
2026-03-02,4.739,0.0029585820397452626,0.10679138089637155,0.1501175128941336,0.1833643958720087,0.15113089297661383,0.21658586696171736
2026-03-03,4.678,-0.012955474823463911,0.14473990393122985,0.13843916466439243,0.19181715315250578,0.1548745210583263,0.2131677695428637
2026-03-04,4.61,-0.014642811153430036,0.14375794568633088,0.15944966509388966,0.2012892000922485,0.15928090147301494,0.21901598623242724
2026-03-05,4.654,0.009499207871542804,0.1972003055758676,0.17560119552422143,0.20561797045691374,0.15850742738024345,0.21716285145357936
2026-03-06,4.667,0.0027894020875785922,0.20454710415576538,0.17702791135638307,0.2015724334095502,0.15813193103042206,0.217583869877879
2026-03-09,4.629,-0.008175604918545179,0.19964486542422274,0.1691760125266184,0.1981943172443496,0.15907478676770023,0.21599551370367162
2026-03-10,4.683,0.011598068152271325,0.21647610159343175,0.17458133158679354,0.1758758141546516,0.16137564928540088,0.26112702389689474
2026-03-11,4.711,0.005961269516499446,0.14828525921900354,0.17248570328112672,0.16780354657170754,0.16056129023440682,0.26030217134597117
2026-03-12,4.694,-0.003615102289072385,0.14893738233200132,0.1727557658917129,0.1639522566549846,0.1599239440114319,0.26959923979990685
2026-03-13,4.677,-0.0036282186850827027,0.15468219086738394,0.1734389192624817,0.1626547173042688,0.1596315136606702,0.269465077036604
2026-03-16,4.68,0.0006412311858063369,0.125528461050323,0.171840162062122,0.16008556528155585,0.15957998575652804,0.2752116576267863
2026-03-17,4.646,-0.007291475581337944,0.09683517297259137,0.1591340035210315,0.1452098446544511,0.1595315578779496,0.2737602053167376
2026-03-18,4.662,0.0034379062653480323,0.0797874362851318,0.12956929618810087,0.14611486013790842,0.1591599205603691,0.2772083270143659
2026-03-19,4.599,-0.013605652055778598,0.12818292370580978,0.1434334157893477,0.1560746069346669,0.16212676490968225,0.2697642366338352
2026-03-20,4.576,-0.005013634480290157,0.1282747524383944,0.14239967444062657,0.15651165908786205,0.1604851608193005,0.2686174573027752
2026-03-23,4.43,-0.03242567002045247,0.25701152215855555,0.23227118858243823,0.20070585312789058,0.1740883019093078,0.21954510656528528
2026-03-24,4.479,0.011000223168118878,0.3206117519177878,0.23062406492653478,0.20244327847899019,0.17565824961621465,0.21776332004931637
2026-03-25,4.544,0.014407874193687045,0.3648520216902828,0.250852821701951,0.21129416800097248,0.17899901218313502,0.2133541660276255
2026-03-26,4.488,-0.012400513198454848,0.36243389098822676,0.2564147088164242,0.2157274530497136,0.18001288358330877,0.20471482910885844
2026-03-27,4.508,0.00444642795713462,0.3710411518815297,0.2620901992249728,0.21786726619367902,0.1803042519784677,0.20506427805362326
2026-03-30,4.5,-0.0017761994012557819,0.20401466349316605,0.26087775682172887,0.21658586696171736,0.18004347721008335,0.20541415371144292
2026-03-31,4.463,-0.008256211129141237,0.20261382240300868,0.2614475732833642,0.2131677695428637,0.1809465223181926,0.20149652921072145
2026-04-01,4.534,0.015783366438204424,0.2121011836677268,0.2852794416112096,0.21901598623242724,0.18512877591388036,0.19454873290975994
2026-04-02,4.489,-0.009974592285542129,0.20030356001439403,0.2804967234759983,0.21716285145357936,0.186354095021482,0.18974238965848345
2026-04-03,4.454,-0.00782739096461924,0.2031222677939346,0.28206226977536236,0.217583869877879,0.18708246029098807,0.18179339592192403
2026-04-07,4.446,-0.0017977532931710944,0.2031162122294763,0.19989463715492192,0.21599551370367162,0.18688650213635077,0.18486725210380772
2026-04-08,4.602,0.034486176071169404,0.3592390428792601,0.28347703290029064,0.26112702389689474,0.20010689503967874,0.13922573492180904
2026-04-09,4.572,-0.0065402456806099895,0.355133113971994,0.2765838797875788,0.26030217134597117,0.19647344885441256,0.13291797828998023
2026-04-10,4.642,0.015194561919681144,0.34478920881379194,0.2741574671664647,0.26959923979990685,0.20023125431244235,0.12709319912675482
2026-04-13,4.652,0.002151926804172666,0.31573119652861187,0.2741438599632492,0.269465077036604,0.1994405453250595,0.1511544939579015
2026-04-14,4.712,0.012815211692867506,0.2954340188877663,0.27767324715425507,0.2752116576267863,0.20170423127754783,0.1587258348124912
2026-04-15,4.694,-0.0038273489204538194,0.18591731534541384,0.270552727138453,0.2737602053167376,0.2013251432685875,0.15987449317353766
2026-04-16,4.746,0.011017060584740208,0.15305867267796974,0.26434268408857176,0.2772083270143659,0.2030848057488566,0.15455446490262606
2026-04-17,4.739,-0.0014760150281206525,0.14217614235353374,0.24997490279010445,0.2697642366338352,0.20251966904685664,0.154117859821794
2026-04-20,4.765,0.0054713941207140656,0.14077064402604075,0.23378084541404826,0.2686174573027752,0.2029198992991296,0.1645608939559104
2026-04-21,4.776,0.0023058389841355636,0.11183137051429799,0.22896112850619244,0.21954510656528528,0.20281144825727018,0.17072214793595172
2026-04-22,4.811,0.007301586627015634,0.09107127759860853,0.13835819589168744,0.21776332004931637,0.20357894907703858,0.17968722889942346
2026-04-23,4.801,-0.002080733168513302,0.07907396921186122,0.12608187417574804,0.2133541660276255,0.20350466556962918,0.18063361889328952
2026-04-24,4.782,-0.003965360512670368,0.09177435386593713,0.11522857148482891,0.20471482910885844,0.2037549647687165,0.18395681002435638
2026-04-27,4.782,0.0,0.08335713382334979,0.11657476105994805,0.20506427805362326,0.20374524157817908,0.18395681002435638
2026-04-28,4.77,-0.002512564135883271,0.08509953976886518,0.09828056623672593,0.20541415371144292,0.20346444898792085,0.18368930334285963
2026-04-29,4.821,0.010635070523235484,0.1124636198410921,0.10662381344808193,0.20149652921072145,0.20505054835400255,0.18671047667964139
2026-04-30,4.824,0.0006220840013990587,0.10931675017676151,0.09096451307599683,0.19454873290975994,0.20504135617201366,0.19528075155905464
2026-05-06,4.888,0.01317976244440982,0.1342032171454817,0.11145413834046126,0.18974238965848345,0.20735092348925863,0.18901893004619982
2026-05-07,4.912,0.004897968975547156,0.12586594296692194,0.11101139964628855,0.18179339592192403,0.20654879119192127,0.1915433408674932
2026-05-08,4.886,-0.0053072180092925605,0.14293302062734337,0.12203015492963923,0.18486725210380772,0.20468499814586125,0.2040287052881724
2026-05-11,4.966,0.016240714250426107,0.1693739533654486,0.146461931075338,0.13922573492180904,0.1988550713334523,0.20877243461127354
2026-05-12,4.963,-0.0006042904806711852,0.17316051246471306,0.14457434148783538,0.13291797828998023,0.19639439202386325,0.22646545270976012
2026-05-13,5.017,0.010821748896812216,0.16481391920767885,0.14193796254523772,0.12709319912675482,0.196857465839272,0.22155144211178596
2026-05-14,4.941,-0.015264405638503068,0.24080501274279367,0.18598546815945305,0.1511544939579015,0.2002185672961261,0.2149992164199688
2026-05-15,4.878,-0.012832440069884361,0.26650800110340234,0.2081319642305654,0.1587258348124912,0.20228181093016903,0.21945008311573277
2026-05-18,4.852,-0.00534430871192477,0.19942577751165738,0.20434413137044055,0.15987449317353766,0.19887205754595894,0.23631451989569713
2026-05-19,4.869,0.003497586118760076,0.20981788258136472,0.20507052888492025,0.15455446490262606,0.19900580469267545,0.23619291402523673
2026-05-20,4.871,0.0004106776238419338,0.15526792582313198,0.18792666034354127,0.154117859821794,0.19890014039129214,0.23951724888310236
2026-05-21,4.808,-0.01301805759149926,0.14366687682349646,0.19851545531294043,0.1645608939559104,0.20167707978383428,0.23172823927993863
2026-05-22,4.862,0.011168678661025153,0.1743201356423092,0.21232969061399282,0.17072214793595172,0.20107423028836632,0.24326188123624087
2026-05-25,4.937,0.015307983382794363,0.2094204216873695,0.20940322411993217,0.17968722889942346,0.2031285301006984,0.2714009425272716
2026-05-26,4.972,0.007064314371738945,0.2116632863297572,0.2144402244867968,0.18063361889328952,0.20310541031054283,0.2705345039344274
2026-05-27,4.932,-0.008077588346366828,0.23645410398271233,0.20666503539512412,0.18395681002435638,0.20405237460878733,0.2764852199837484
2026-05-28,4.932,0.0,0.1773135233615583,0.1855575061044226,0.18395681002435638,0.20393991209752546,0.3039010584980483
2026-05-29,4.923,-0.0018264845260344098,0.17134164093116794,0.16601216399620325,0.18368930334285963,0.20395568858917076,0.30724624705552445
2026-06-01,4.868,-0.011234925650782704,0.1368015550773166,0.17837823835705588,0.18671047667964139,0.203289493362491,0.3064452702789129
2026-06-02,4.936,0.013872111477805824,0.18539724786157882,0.1959935374518582,0.19528075155905464,0.20217002783016702,0.3021527691467151
2026-06-03,4.965,0.005858010894049097,0.17805000267094065,0.19767182879744918,0.18901893004619982,0.20143664155350532,0.32805017351098054
2026-06-04,4.926,-0.007885997798789656,0.19534869474470745,0.18390445046585627,0.1915433408674932,0.20259310191968158,0.32771770933451333
2026-06-05,4.843,-0.016992936277254102,0.24358630970240902,0.20686895925404916,0.2040287052881724,0.2061723690150887,0.31922631272564617
2026-06-08,4.739,-0.021708220435640864,0.2873199025318617,0.21370624822755332,0.20877243461127354,0.21162759345607435,0.30774112542927506
2026-06-09,4.826,0.01819182421738879,0.3147784635120928,0.24547952510904097,0.22646545270976012,0.21579699701551064,0.2988023046009189
2026-06-10,4.784,-0.00874095055450935,0.29500356690183965,0.24607014749910114,0.22155144211178596,0.21675550215212258,0.31380870463373406
2026-06-11,4.751,-0.0069218944435462375,0.29498176650851915,0.24614781997145985,0.2149992164199688,0.21727793040441407,0.3227029992233706
2026-06-12,4.818,0.014003781987895186,0.3192953438438366,0.2686841512500605,0.21945008311573277,0.21990608203514606,0.32627136130522144
2026-06-15,4.919,0.020746353620523073,0.27083109259963317,0.2932101225391741,0.23631451989569713,0.2245961119049832,0.3246286977140899
2026-06-16,4.91,-0.0018313160067733865,0.2517644644982095,0.2804126492511781,0.23619291402523673,0.22461126951512606,0.32462595738641226
2026-06-17,4.958,0.009728491806569484,0.2172357916779686,0.2849261425712138,0.23951724888310236,0.22267689305518057,0.3287803933995716
2026-06-18,4.984,0.005230347872153202,0.16362850665820278,0.2814651770068841,0.23172823927993863,0.22232663514462175,0.3555575566122936
2026-06-22,5.091,0.02124149343504698,0.19091241885715549,0.2761370826136226,0.24326188123624087,0.21088793453076954,0.34607282086374724
2026-06-23,4.942,-0.029704167353780588,0.36431689163360653,0.30968259888060023,0.2714009425272716,0.22400937081718703,0.3548568602239805
2026-06-24,4.967,0.005045928558795065,0.3642938293802111,0.2954418586255271,0.2705345039344274,0.22188817866596103,0.35378173436148475
2026-06-25,5.048,0.01617608911369871,0.3800997423760225,0.29404272283240224,0.2764852199837484,0.222020539272629,0.3456747497865313
2026-06-26,4.907,-0.02832936813114567,0.4655045233926345,0.3528943358471152,0.3039010584980483,0.2341361407432542,0.33365767797607476
2026-06-29,4.959,0.010541350399230435,0.4212975428938041,0.3492083583164427,0.30724624705552445,0.2350672002206506,0.3339988118991506
2026-06-30,5.019,0.01202660316579993,0.3441061782278625,0.33479636436007326,0.3064452702789129,0.23511918323473713,0.3435412935950814
2026-07-01,4.998,-0.004192878260035927,0.348347149086797,0.33619704456236854,0.3021527691467151,0.2330046512844894,0.3464691443068657
2026-07-02,4.85,-0.030059127463368897,0.38910749514681564,0.38098133578349724,0.32805017351098054,0.24418717886391778,0.3275989234328507
2026-07-03,4.876,0.005346506669633509,0.3305550802186611,0.38107387746182975,0.32771770933451333,0.24330467196038763,0.33062594553442126
2026-07-06,4.877,0.0002050651088903521,0.3078798309585159,0.34840712345068575,0.31922631272564617,0.24318640810006256,0.3327562050168132
2026-07-07,4.826,-0.010512309525075602,0.2620829381717022,0.3086693654750507,0.30774112542927506,0.230468155600978,0.33620014266046494
