date,open,high,low,close,volume
2024-08-05 13:30:00,511.6400146484375,523.5800170898438,510.2699890136719,517.3800048828125,146267400
2024-08-06 13:30:00,519.219970703125,529.75,517.8699951171875,522.1500244140625,84826300
2024-08-07 13:30:00,528.469970703125,531.5900268554688,518.0499877929688,518.6599731445312,70698300
2024-08-08 13:30:00,523.9099731445312,531.2899780273438,521.8400268554688,530.6500244140625,63276600
2024-08-09 13:30:00,529.8099975585938,534.510009765625,528.5599975585938,532.989990234375,45619600
2024-08-12 13:30:00,534.2100219726562,535.72998046875,530.9500122070312,533.27001953125,42542100
2024-08-13 13:30:00,536.530029296875,542.280029296875,536.280029296875,542.0399780273438,52333100
2024-08-14 13:30:00,542.8499755859375,544.9600219726562,540.1199951171875,543.75,42446900
2024-08-15 13:30:00,549.5,553.3599853515625,548.8800048828125,553.0700073242188,60846800
2024-08-16 13:30:00,551.4199829101562,555.02001953125,551.260009765625,554.3099975585938,44430700
2024-08-19 13:30:00,554.72998046875,559.6099853515625,553.8599853515625,559.6099853515625,39121800
2024-08-20 13:30:00,559.1500244140625,560.8400268554688,557.3300170898438,558.7000122070312,33732300
2024-08-21 13:30:00,559.77001953125,562.1099853515625,554.72998046875,560.6199951171875,41514600
2024-08-22 13:30:00,562.5599975585938,563.1799926757812,554.97998046875,556.219970703125,56121500
2024-08-23 13:30:00,559.530029296875,563.0900268554688,557.2899780273438,562.1300048828125,50639400
2024-08-26 13:30:00,563.1799926757812,563.9099731445312,559.0499877929688,560.7899780273438,35788600
2024-08-27 13:30:00,559.489990234375,562.0599975585938,558.3200073242188,561.5599975585938,32693900
2024-08-28 13:30:00,561.2100219726562,561.6500244140625,555.0399780273438,558.2999877929688,41066000
2024-08-29 13:30:00,560.3099975585938,563.6799926757812,557.1799926757812,558.3499755859375,38715200
2024-08-30 13:30:00,560.77001953125,564.2000122070312,557.1400146484375,563.6799926757812,62700100
2024-09-03 13:30:00,560.469970703125,560.8099975585938,549.510009765625,552.0800170898438,60600100
2024-09-04 13:30:00,550.2000122070312,554.4299926757812,549.4600219726562,550.9500122070312,47224900
2024-09-05 13:30:00,550.8900146484375,553.7999877929688,547.0999755859375,549.6099853515625,44264300
2024-09-06 13:30:00,549.9400024414062,551.5999755859375,539.4400024414062,540.3599853515625,68493800
2024-09-09 13:30:00,544.6500244140625,547.7100219726562,542.6799926757812,546.4099731445312,40445800
2024-09-10 13:30:00,548.3599853515625,549.1500244140625,543.3800048828125,548.7899780273438,36394600
2024-09-11 13:30:00,548.7000122070312,555.3599853515625,539.9600219726562,554.4199829101562,75248600
2024-09-12 13:30:00,555.010009765625,559.4000244140625,552.739990234375,559.0900268554688,51819600
2024-09-13 13:30:00,559.7100219726562,563.030029296875,559.4500122070312,562.010009765625,39310500
2024-09-16 13:30:00,561.739990234375,563.1099853515625,559.9000244140625,562.8400268554688,36656100
2024-09-17 13:30:00,565.0999755859375,566.5800170898438,560.7899780273438,563.0700073242188,49321000
2024-09-18 13:30:00,563.739990234375,568.6900024414062,560.8300170898438,561.4000244140625,59044900
2024-09-19 13:30:00,571.010009765625,572.8800048828125,568.0800170898438,570.97998046875,75315500
2024-09-20 13:30:00,567.8400268554688,569.3099975585938,565.1699829101562,568.25,77503100
2024-09-23 13:30:00,569.3400268554688,570.3300170898438,568.0999755859375,569.6699829101562,44116900
2024-09-24 13:30:00,570.47998046875,571.3599853515625,567.5999755859375,571.2999877929688,46805700
2024-09-25 13:30:00,571.1400146484375,571.8900146484375,568.9099731445312,570.0399780273438,38428600
2024-09-26 13:30:00,574.3800048828125,574.7100219726562,569.9000244140625,572.2999877929688,48336000
2024-09-27 13:30:00,573.3900146484375,574.219970703125,570.4199829101562,571.469970703125,42100900
2024-09-30 13:30:00,570.4199829101562,574.3800048828125,568.0800170898438,573.760009765625,63557400
2024-10-01 13:30:00,573.4000244140625,574.0599975585938,566.0,568.6199951171875,72668800
2024-10-02 13:30:00,567.7100219726562,569.9000244140625,565.27001953125,568.8599853515625,38097800
2024-10-03 13:30:00,567.3599853515625,569.7999877929688,565.489990234375,567.8200073242188,40846500
2024-10-04 13:30:00,572.3499755859375,573.3599853515625,568.0999755859375,572.97998046875,42939100
2024-10-07 13:30:00,571.2999877929688,571.9600219726562,566.6300048828125,567.7999877929688,49964700
2024-10-08 13:30:00,570.4199829101562,573.780029296875,569.530029296875,573.1699829101562,37398700
2024-10-09 13:30:00,573.1599731445312,577.7100219726562,572.5499877929688,577.1400146484375,37912200
2024-10-10 13:30:00,575.77001953125,577.5800170898438,574.489990234375,576.1300048828125,44138100
2024-10-11 13:30:00,576.0499877929688,580.3300170898438,575.9099731445312,579.5800170898438,42268000
2024-10-14 13:30:00,581.219970703125,585.27001953125,580.72998046875,584.3200073242188,36217200
2024-10-15 13:30:00,584.5900268554688,584.9000244140625,578.5399780273438,579.780029296875,54203600
2024-10-16 13:30:00,579.780029296875,582.8300170898438,578.9600219726562,582.2999877929688,30725400
2024-10-17 13:30:00,585.9099731445312,586.1199951171875,582.1599731445312,582.3499755859375,34393700
2024-10-18 13:30:00,584.0700073242188,585.3900146484375,582.5800170898438,584.5900268554688,37416800
2024-10-21 13:30:00,583.8499755859375,584.8499755859375,580.5999755859375,583.6300048828125,36439000
2024-10-22 13:30:00,581.0499877929688,584.5,580.3800048828125,583.3200073242188,34183800
2024-10-23 13:30:00,581.260009765625,581.7100219726562,574.4199829101562,577.989990234375,49314600
2024-10-24 13:30:00,579.97998046875,580.0599975585938,576.5700073242188,579.239990234375,34979900
2024-10-25 13:30:00,581.510009765625,584.4600219726562,578.0800170898438,579.0399780273438,47268200
2024-10-28 13:30:00,582.5800170898438,582.7100219726562,580.52001953125,580.8300170898438,30174700
2024-10-29 13:30:00,579.8499755859375,582.9099731445312,578.4299926757812,581.77001953125,42899700
2024-10-30 13:30:00,581.2899780273438,583.3200073242188,579.2899780273438,580.010009765625,41435800
2024-10-31 13:30:00,575.5599975585938,575.6300048828125,568.4400024414062,568.6400146484375,60182500
2024-11-01 13:30:00,571.3200073242188,575.5499877929688,570.6199951171875,571.0399780273438,45667500
2024-11-04 14:30:00,571.1799926757812,572.5,567.8900146484375,569.8099975585938,38217000
2024-11-05 14:30:00,570.739990234375,576.739990234375,570.52001953125,576.7000122070312,39478300
2024-11-06 14:30:00,589.2000122070312,591.9299926757812,585.3900146484375,591.0399780273438,68182000
2024-11-07 14:30:00,593.0800170898438,596.6500244140625,593.0,595.6099853515625,47233200
2024-11-08 14:30:00,596.1699829101562,599.6400146484375,596.1699829101562,598.1900024414062,46444900
2024-11-11 14:30:00,599.8099975585938,600.1699829101562,597.0,598.760009765625,37586800
2024-11-12 14:30:00,598.6799926757812,599.2899780273438,594.3699951171875,596.9000244140625,43006100
2024-11-13 14:30:00,597.3699951171875,599.22998046875,594.9600219726562,597.1900024414062,47388600
2024-11-14 14:30:00,597.3200073242188,597.8099975585938,592.6500244140625,593.3499755859375,38904100
2024-11-15 14:30:00,589.719970703125,590.2000122070312,583.8599853515625,585.75,75988800
2024-11-18 14:30:00,586.219970703125,589.489990234375,585.3400268554688,588.1500244140625,37001700
2024-11-19 14:30:00,584.7100219726562,591.0399780273438,584.030029296875,590.2999877929688,49412000
2024-11-20 14:30:00,590.3800048828125,590.7899780273438,584.6300048828125,590.5,50032600
2024-11-21 14:30:00,593.4000244140625,595.1199951171875,587.4500122070312,593.6699829101562,46750300
2024-11-22 14:30:00,593.6599731445312,596.1500244140625,593.1500244140625,595.510009765625,38226400
2024-11-25 14:30:00,599.52001953125,600.8599853515625,595.2000122070312,597.530029296875,42441400
2024-11-26 14:30:00,598.7999877929688,601.3300170898438,598.0700073242188,600.6500244140625,45621300
2024-11-27 14:30:00,600.4600219726562,600.8499755859375,597.280029296875,598.8300170898438,34000200
2024-11-29 14:30:00,599.6599731445312,603.3499755859375,599.3800048828125,602.5499877929688,30177400
2024-12-02 14:30:00,602.969970703125,604.3200073242188,602.469970703125,603.6300048828125,31746000
2024-12-03 14:30:00,603.3900146484375,604.1599731445312,602.3400268554688,603.9099731445312,26906600
2024-12-04 14:30:00,605.6300048828125,607.9099731445312,604.9500122070312,607.6599731445312,42787600
2024-12-05 14:30:00,607.6599731445312,608.47998046875,606.2999877929688,606.6599731445312,28762200
2024-12-06 14:30:00,607.4400024414062,609.0700073242188,607.02001953125,607.8099975585938,31241500
2024-12-09 14:30:00,607.6900024414062,607.8599853515625,604.0800170898438,604.6799926757812,34742700
2024-12-10 14:30:00,605.3699951171875,605.7999877929688,602.1300048828125,602.7999877929688,37234500
2024-12-11 14:30:00,605.780029296875,608.4299926757812,605.5,607.4600219726562,28677700
2024-12-12 14:30:00,606.5800170898438,607.1599731445312,604.3300170898438,604.3300170898438,31543800
2024-12-13 14:30:00,606.4000244140625,607.1300048828125,602.8099975585938,604.2100219726562,35904700
2024-12-16 14:30:00,606.0,607.780029296875,605.2100219726562,606.7899780273438,43695200
2024-12-17 14:30:00,604.1900024414062,605.1699829101562,602.8900146484375,604.2899780273438,55773500
2024-12-18 14:30:00,603.97998046875,606.4099731445312,585.8900146484375,586.280029296875,108248700
2024-12-19 14:30:00,591.3599853515625,593.0,585.8499755859375,586.0999755859375,85919500
2024-12-20 14:30:00,581.77001953125,595.75,580.9099731445312,591.1500244140625,125716700
2024-12-23 14:30:00,590.8900146484375,595.2999877929688,587.6599731445312,594.6900024414062,57635800
2024-12-24 14:30:00,596.0599975585938,601.3400268554688,595.469970703125,601.2999877929688,33160100
2024-12-26 14:30:00,599.5,602.47998046875,598.0800170898438,601.3400268554688,41219100
2024-12-27 14:30:00,597.5399780273438,597.780029296875,590.760009765625,595.010009765625,64969300
2024-12-30 14:30:00,587.8900146484375,591.739990234375,584.4099731445312,588.219970703125,56578800
2024-12-31 14:30:00,589.9099731445312,590.6400146484375,584.4199829101562,586.0800170898438,57052700
2025-01-02 14:30:00,589.3900146484375,591.1300048828125,580.5,584.6400146484375,50204000
2025-01-03 14:30:00,587.530029296875,592.5999755859375,586.4299926757812,591.9500122070312,37888500
2025-01-06 14:30:00,596.27001953125,599.7000122070312,593.5999755859375,595.3599853515625,47679400
2025-01-07 14:30:00,597.4199829101562,597.75,586.780029296875,588.6300048828125,60393100
2025-01-08 14:30:00,588.7000122070312,590.5800170898438,585.2000122070312,589.489990234375,47304700
2025-01-10 14:30:00,585.8800048828125,585.9500122070312,578.5499877929688,580.489990234375,73105000
2025-01-13 14:30:00,575.77001953125,581.75,575.3499755859375,581.3900146484375,47910100
2025-01-14 14:30:00,584.3599853515625,585.0,578.3499755859375,582.1900024414062,48420600
2025-01-15 14:30:00,590.3300170898438,593.9400024414062,589.2000122070312,592.780029296875,56900200
2025-01-16 14:30:00,594.1699829101562,594.3499755859375,590.9299926757812,591.6400146484375,43319700
2025-01-17 14:30:00,596.9600219726562,599.3599853515625,595.6099853515625,597.5800170898438,58070600
2025-01-21 14:30:00,600.6699829101562,603.0599975585938,598.6699829101562,603.0499877929688,42532900
2025-01-22 14:30:00,605.9199829101562,607.8200073242188,605.3599853515625,606.4400024414062,48196000
2025-01-23 14:30:00,605.7999877929688,609.75,605.52001953125,609.75,41152100
2025-01-24 14:30:00,609.8099975585938,610.780029296875,606.7999877929688,607.969970703125,34604700
2025-01-27 14:30:00,594.8099975585938,599.6900024414062,594.6400146484375,599.3699951171875,70361100
2025-01-28 14:30:00,600.6199951171875,605.3699951171875,597.25,604.52001953125,44433300
2025-01-29 14:30:00,603.719970703125,604.1300048828125,599.219970703125,601.8099975585938,37177400
2025-01-30 14:30:00,603.9600219726562,606.5999755859375,600.719970703125,605.0399780273438,39281300
2025-01-31 14:30:00,607.5,609.9600219726562,601.0499877929688,601.8200073242188,66566900
2025-02-03 14:30:00,592.6699829101562,600.2899780273438,590.489990234375,597.77001953125,65857200
2025-02-04 14:30:00,597.8300170898438,602.2999877929688,597.280029296875,601.780029296875,33457800
2025-02-05 14:30:00,600.6400146484375,604.3699951171875,598.5800170898438,604.219970703125,30653100
2025-02-06 14:30:00,605.989990234375,606.4500122070312,602.6300048828125,606.3200073242188,35771500
2025-02-07 14:30:00,606.8900146484375,608.1300048828125,600.0499877929688,600.77001953125,50788500
2025-02-10 14:30:00,604.030029296875,605.5,602.739990234375,604.8499755859375,26048700
2025-02-11 14:30:00,602.5499877929688,605.8599853515625,602.4299926757812,605.3099975585938,30056700
2025-02-12 14:30:00,599.2000122070312,604.5499877929688,598.510009765625,603.3599853515625,45076100
2025-02-13 14:30:00,604.47998046875,609.9400024414062,603.2000122070312,609.72998046875,40921300
2025-02-14 14:30:00,609.9400024414062,610.989990234375,609.0700073242188,609.7000122070312,26910400
2025-02-18 14:30:00,610.8800048828125,611.489990234375,608.3800048828125,611.489990234375,26749000
2025-02-19 14:30:00,610.0800170898438,613.22998046875,609.5599975585938,612.9299926757812,31011100
2025-02-20 14:30:00,611.5399780273438,611.6799926757812,607.02001953125,610.3800048828125,36554000
2025-02-21 14:30:00,610.1599731445312,610.2999877929688,599.469970703125,599.9400024414062,76519800
2025-02-24 14:30:00,602.02001953125,603.030029296875,596.489990234375,597.2100219726562,50737200
2025-02-25 14:30:00,597.1500244140625,597.8900146484375,589.5599975585938,594.239990234375,58266500
2025-02-26 14:30:00,595.9299926757812,599.5800170898438,591.8599853515625,594.5399780273438,43321600
2025-02-27 14:30:00,596.8499755859375,598.02001953125,584.6500244140625,585.0499877929688,74196700
2025-02-28 14:30:00,585.5599975585938,594.719970703125,582.4400024414062,594.1799926757812,88744100
2025-03-03 14:30:00,596.1799926757812,597.3400268554688,579.9000244140625,583.77001953125,74249200
2025-03-04 14:30:00,579.7100219726562,585.3900146484375,572.25,576.8599853515625,109648200
2025-03-05 14:30:00,576.6900024414062,584.8800048828125,573.0800170898438,583.0599975585938,71230500
2025-03-06 14:30:00,575.47998046875,580.1699829101562,570.1199951171875,572.7100219726562,80094900
2025-03-07 14:30:00,570.9000244140625,577.3900146484375,565.6300048828125,575.9199829101562,81158800
2025-03-10 13:30:00,567.5900268554688,569.5399780273438,555.5900268554688,560.5800170898438,99326600
2025-03-11 13:30:00,559.4000244140625,564.02001953125,552.02001953125,555.9199829101562,88102100
2025-03-12 13:30:00,562.1699829101562,563.1099853515625,553.6900024414062,558.8699951171875,69588200
2025-03-13 13:30:00,558.489990234375,559.1099853515625,549.6799926757812,551.4199829101562,74079400
2025-03-14 13:30:00,556.1099853515625,563.8300170898438,551.489990234375,562.8099975585938,62660300
2025-03-17 13:30:00,562.7899780273438,569.7100219726562,562.3499755859375,567.1500244140625,49008700
2025-03-18 13:30:00,564.7999877929688,565.02001953125,559.0599975585938,561.02001953125,66041400
2025-03-19 13:30:00,562.8300170898438,570.9500122070312,561.6300048828125,567.1300048828125,66556000
2025-03-20 13:30:00,563.3300170898438,570.5700073242188,562.5999755859375,565.489990234375,62958200
2025-03-21 13:30:00,559.280029296875,564.8900146484375,558.030029296875,563.97998046875,83763000
2025-03-24 13:30:00,570.7999877929688,575.1500244140625,570.2000122070312,574.0800170898438,58766800
2025-03-25 13:30:00,575.2999877929688,576.4099731445312,573.6900024414062,575.4600219726562,38355700
2025-03-26 13:30:00,575.1900024414062,576.3300170898438,567.1900024414062,568.5900268554688,51848300
2025-03-27 13:30:00,567.1799926757812,570.9000244140625,564.9400024414062,567.0800170898438,42164200
2025-03-28 13:30:00,565.530029296875,566.27001953125,555.0700073242188,555.6599731445312,71662700
2025-03-31 13:30:00,549.8300170898438,560.7100219726562,546.8699951171875,559.3900146484375,95328200
2025-04-01 13:30:00,557.4500122070312,562.9400024414062,553.6799926757812,560.969970703125,54609600
2025-04-02 13:30:00,555.0499877929688,567.4199829101562,554.8099975585938,564.52001953125,76014500
2025-04-03 13:30:00,545.1099853515625,547.969970703125,536.7000122070312,536.7000122070312,125986000
2025-04-04 13:30:00,523.6699829101562,525.8699951171875,505.05999755859375,505.2799987792969,217965100
2025-04-07 13:30:00,489.19000244140625,523.1699829101562,481.79998779296875,504.3800048828125,256611400
2025-04-08 13:30:00,521.8599853515625,524.97998046875,489.1600036621094,496.4800109863281,165816600
2025-04-09 13:30:00,493.44000244140625,548.6199951171875,493.04998779296875,548.6199951171875,241867300
2025-04-10 13:30:00,532.1699829101562,533.5,509.32000732421875,524.5800170898438,162331200
2025-04-11 13:30:00,523.010009765625,536.4299926757812,520.0700073242188,533.9400024414062,97866300
2025-04-14 13:30:00,544.0499877929688,544.280029296875,533.8599853515625,539.1199951171875,68034000
2025-04-15 13:30:00,539.6699829101562,543.22998046875,536.8099975585938,537.6099853515625,56892900
2025-04-16 13:30:00,531.6799926757812,537.8900146484375,520.2899780273438,525.6599731445312,83484800
2025-04-17 13:30:00,527.6400146484375,531.1699829101562,523.9099731445312,526.4099731445312,79868100
2025-04-21 13:30:00,521.1599731445312,521.7000122070312,508.4599914550781,513.8800048828125,69368100
2025-04-22 13:30:00,520.1400146484375,529.2999877929688,519.1900024414062,527.25,75948100
2025-04-23 13:30:00,540.4299926757812,545.4299926757812,533.8800048828125,535.4199829101562,90590700
2025-04-24 13:30:00,536.719970703125,547.4299926757812,535.4500122070312,546.6900024414062,64150400
2025-04-25 13:30:00,546.6500244140625,551.0499877929688,543.6900024414062,550.6400146484375,61119600
2025-04-28 13:30:00,551.3900146484375,553.5499877929688,545.02001953125,550.8499755859375,47613800
2025-04-29 13:30:00,548.9099731445312,555.4500122070312,548.5499877929688,554.3200073242188,47775100
2025-04-30 13:30:00,547.5700073242188,556.52001953125,541.52001953125,554.5399780273438,93101500
2025-05-01 13:30:00,560.3699951171875,564.0700073242188,557.8599853515625,558.469970703125,63186100
2025-05-02 13:30:00,564.72998046875,568.3800048828125,562.3800048828125,566.760009765625,60717300
2025-05-05 13:30:00,562.5700073242188,566.6500244140625,561.7000122070312,563.510009765625,38659200
2025-05-06 13:30:00,557.9299926757812,563.3499755859375,556.9600219726562,558.7999877929688,48264700
2025-05-07 13:30:00,560.1500244140625,563.8200073242188,556.0399780273438,561.1500244140625,55588000
2025-05-08 13:30:00,565.239990234375,570.3099975585938,561.7000122070312,565.0599975585938,65130800
2025-05-09 13:30:00,566.47998046875,567.5,562.760009765625,564.3400268554688,37603400
2025-05-12 13:30:00,581.469970703125,583.0,577.0399780273438,582.989990234375,78993600
2025-05-13 13:30:00,583.4099731445312,589.0800170898438,582.8400268554688,586.8400268554688,67947200
2025-05-14 13:30:00,587.8099975585938,588.97998046875,585.5399780273438,587.5900268554688,66283500
2025-05-15 13:30:00,585.5599975585938,590.969970703125,585.0999755859375,590.4600219726562,71268100
2025-05-16 13:30:00,591.25,594.5,589.280029296875,594.2000122070312,76052100
2025-05-19 13:30:00,588.0999755859375,595.5399780273438,588.0999755859375,594.8499755859375,68168500
2025-05-20 13:30:00,593.0900268554688,594.0499877929688,589.5999755859375,592.8499755859375,60614500
2025-05-21 13:30:00,588.4400024414062,592.5800170898438,581.8200073242188,582.8599853515625,95197700
2025-05-22 13:30:00,582.6599731445312,586.6199951171875,581.4099731445312,583.0900268554688,70860400
2025-05-23 13:30:00,575.97998046875,581.8099975585938,575.5999755859375,579.1099853515625,76029000
2025-05-27 13:30:00,586.0700073242188,591.3099975585938,578.4299926757812,591.1500244140625,72588500
2025-05-28 13:30:00,591.5599975585938,592.77001953125,586.989990234375,587.72998046875,68445500
2025-05-29 13:30:00,593.0599975585938,593.2000122070312,586.0700073242188,590.0499877929688,69973300
2025-05-30 13:30:00,588.9299926757812,591.1300048828125,583.239990234375,589.3900146484375,90601200
2025-06-02 13:30:00,587.760009765625,592.7899780273438,585.0599975585938,592.7100219726562,61630500
2025-06-03 13:30:00,592.3400268554688,597.0800170898438,591.8499755859375,596.0900268554688,63606200
2025-06-04 13:30:00,596.9600219726562,597.9500122070312,595.489990234375,595.9299926757812,57314200
2025-06-05 13:30:00,597.6300048828125,599.0,591.0499877929688,593.0499877929688,92278700
2025-06-06 13:30:00,598.6599731445312,600.8300170898438,596.8599853515625,599.1400146484375,66588700
2025-06-09 13:30:00,599.719970703125,601.25,598.489990234375,599.6799926757812,53016400
2025-06-10 13:30:00,600.219970703125,603.469970703125,599.0900268554688,603.0800170898438,66247000
2025-06-11 13:30:00,604.1900024414062,605.0599975585938,599.27001953125,601.3599853515625,73658200
2025-06-12 13:30:00,600.010009765625,603.75,599.52001953125,603.75,64129000
2025-06-13 13:30:00,598.5,601.8499755859375,595.47998046875,597.0,89506000
2025-06-16 13:30:00,600.4000244140625,604.4500122070312,600.219970703125,602.6799926757812,79984100
2025-06-17 13:30:00,600.2100219726562,601.75,596.760009765625,597.530029296875,82209400
2025-06-18 13:30:00,598.4400024414062,601.219970703125,596.469970703125,597.4400024414062,76605000
2025-06-20 13:30:00,598.3800048828125,599.4600219726562,592.8599853515625,594.280029296875,94051400
2025-06-23 13:30:00,595.0399780273438,600.5399780273438,591.8900146484375,600.1500244140625,87426000
2025-06-24 13:30:00,604.3300170898438,607.8499755859375,603.4099731445312,606.780029296875,67735300
2025-06-25 13:30:00,607.9099731445312,608.6099853515625,605.5399780273438,607.1199951171875,62114800
2025-06-26 13:30:00,608.989990234375,612.3099975585938,608.3699951171875,611.8699951171875,78548400
2025-06-27 13:30:00,612.8800048828125,616.3900146484375,610.8300170898438,614.9099731445312,86258400
2025-06-30 13:30:00,617.3800048828125,619.219970703125,615.0399780273438,617.8499755859375,92502500
2025-07-01 13:30:00,616.3599853515625,618.8300170898438,615.52001953125,617.6500244140625,70030100
2025-07-02 13:30:00,617.239990234375,620.489990234375,616.6099853515625,620.4500122070312,66510400
2025-07-03 13:30:00,622.4500122070312,626.280029296875,622.4299926757812,625.3400268554688,51065800
2025-07-07 13:30:00,623.3599853515625,624.030029296875,617.8699951171875,620.6799926757812,74814500
2025-07-08 13:30:00,621.3499755859375,622.1099853515625,619.52001953125,620.3400268554688,59024600
2025-07-09 13:30:00,622.77001953125,624.719970703125,620.9099731445312,624.0599975585938,66113300
2025-07-10 13:30:00,624.2000122070312,626.8699951171875,623.010009765625,625.8200073242188,57529000
2025-07-11 13:30:00,622.739990234375,624.8599853515625,621.530029296875,623.6199951171875,63670200
2025-07-14 13:30:00,623.1599731445312,625.1599731445312,621.7999877929688,624.8099975585938,51898500
2025-07-15 13:30:00,627.52001953125,627.8599853515625,622.0599975585938,622.1400146484375,74317300
2025-07-16 13:30:00,623.739990234375,624.72998046875,618.0499877929688,624.219970703125,88987500
2025-07-17 13:30:00,624.4000244140625,628.4000244140625,624.1799926757812,628.0399780273438,68885700
2025-07-18 13:30:00,629.2999877929688,629.469970703125,626.4600219726562,627.5800170898438,65621600
2025-07-21 13:30:00,628.77001953125,631.5399780273438,628.3400268554688,628.77001953125,63375000
2025-07-22 13:30:00,629.0999755859375,629.72998046875,626.1900024414062,628.8599853515625,60046300
2025-07-23 13:30:00,631.5499877929688,634.2100219726562,629.72998046875,634.2100219726562,70511000
2025-07-24 13:30:00,634.5999755859375,636.1500244140625,633.989990234375,634.4199829101562,71307100
2025-07-25 13:30:00,635.0900268554688,637.5800170898438,634.8400268554688,637.0999755859375,56865400
2025-07-28 13:30:00,637.47998046875,638.0399780273438,635.5399780273438,636.9400024414062,54917100
2025-07-29 13:30:00,638.3499755859375,638.6699829101562,634.3400268554688,635.260009765625,60556300
2025-07-30 13:30:00,635.9199829101562,637.6799926757812,631.5399780273438,634.4600219726562,80418900
2025-07-31 13:30:00,639.4600219726562,639.8499755859375,630.77001953125,632.0800170898438,103385200
2025-08-01 13:30:00,626.2999877929688,626.3400268554688,619.2899780273438,621.719970703125,140103600
2025-08-04 13:30:00,625.6699829101562,631.219970703125,625.5800170898438,631.1699829101562,73218000
2025-08-05 13:30:00,631.7899780273438,632.6099853515625,627.0399780273438,627.969970703125,68051400
2025-08-06 13:30:00,629.0499877929688,633.4400024414062,628.1300048828125,632.780029296875,64357500
2025-08-07 13:30:00,636.239990234375,636.97998046875,629.1099853515625,632.25,74205800
2025-08-08 13:30:00,634.0599975585938,637.6500244140625,633.739990234375,637.1799926757812,64051600
2025-08-11 13:30:00,637.4600219726562,638.9500122070312,634.6599731445312,635.9199829101562,58742300
2025-08-12 13:30:00,638.2899780273438,642.8499755859375,636.7899780273438,642.6900024414062,64730800
2025-08-13 13:30:00,644.9099731445312,646.1900024414062,642.6799926757812,644.8900146484375,60092800
2025-08-14 13:30:00,642.7899780273438,645.6199951171875,642.3400268554688,644.9500122070312,59327500
2025-08-15 13:30:00,645.989990234375,646.0900268554688,642.52001953125,643.4400024414062,68592500
2025-08-18 13:30:00,642.8599853515625,644.0,642.1799926757812,643.2999877929688,43804900
2025-08-19 13:30:00,643.1199951171875,644.1099853515625,638.47998046875,639.8099975585938,69750700
2025-08-20 13:30:00,639.4000244140625,639.6599731445312,632.9500122070312,638.1099853515625,88890300
2025-08-21 13:30:00,636.280029296875,637.969970703125,633.8099975585938,635.5499877929688,54805800
2025-08-22 13:30:00,637.760009765625,646.5,637.25,645.3099975585938,84083200
2025-08-25 13:30:00,644.0399780273438,645.2899780273438,642.3499755859375,642.469970703125,51274300
2025-08-26 13:30:00,642.2000122070312,645.510009765625,641.5700073242188,645.1599731445312,51581600
2025-08-27 13:30:00,644.5700073242188,647.3699951171875,644.4199829101562,646.6300048828125,48341100
2025-08-28 13:30:00,647.239990234375,649.47998046875,645.3400268554688,648.9199829101562,61519500
2025-08-29 13:30:00,647.469970703125,647.8400268554688,643.1400146484375,645.0499877929688,74522200
2025-09-02 13:30:00,637.5,640.489990234375,634.9199829101562,640.27001953125,81983500
2025-09-03 13:30:00,642.6699829101562,644.2100219726562,640.4600219726562,643.739990234375,70820900
2025-09-04 13:30:00,644.4199829101562,649.1500244140625,643.510009765625,649.1199951171875,65219200
2025-09-05 13:30:00,651.47998046875,652.2100219726562,643.3300170898438,647.239990234375,85178900
2025-09-08 13:30:00,648.6199951171875,649.8400268554688,647.22998046875,648.8300170898438,63133100
2025-09-09 13:30:00,648.969970703125,650.8599853515625,647.219970703125,650.3300170898438,66133900
2025-09-10 13:30:00,653.6199951171875,654.5499877929688,650.6300048828125,652.2100219726562,78034500
2025-09-11 13:30:00,654.1799926757812,658.3300170898438,653.5900268554688,657.6300048828125,69934400
2025-09-12 13:30:00,657.5999755859375,659.1099853515625,656.9000244140625,657.4099731445312,72780100
2025-09-15 13:30:00,659.6400146484375,661.0399780273438,659.3400268554688,660.9099731445312,63772400
2025-09-16 13:30:00,661.469970703125,661.780029296875,659.2100219726562,660.0,61169000
2025-09-17 13:30:00,660.010009765625,661.719970703125,654.2999877929688,659.1799926757812,101952200
2025-09-18 13:30:00,661.8900146484375,664.8900146484375,660.27001953125,662.260009765625,90459200
2025-09-19 13:30:00,662.3300170898438,664.5499877929688,660.3699951171875,663.7000122070312,97945600
2025-09-22 13:30:00,662.2000122070312,667.2899780273438,662.1699829101562,666.8400268554688,69452200
2025-09-23 13:30:00,666.719970703125,667.3400268554688,661.97998046875,663.2100219726562,81708900
2025-09-24 13:30:00,664.510009765625,664.6099853515625,659.6699829101562,661.0999755859375,68082200
2025-09-25 13:30:00,657.9400024414062,659.4099731445312,654.4099731445312,658.0499877929688,89622100
2025-09-26 13:30:00,659.510009765625,662.3699951171875,657.8800048828125,661.8200073242188,69179200
2025-09-29 13:30:00,664.3599853515625,665.280029296875,661.8599853515625,663.6799926757812,73499000
2025-09-30 13:30:00,662.9299926757812,666.6500244140625,661.6099853515625,666.1799926757812,86288000
2025-10-01 13:30:00,663.1699829101562,669.3699951171875,663.0599975585938,668.4500122070312,72545400
2025-10-02 13:30:00,670.4500122070312,670.5700073242188,666.780029296875,669.219970703125,56896000
2025-10-03 13:30:00,669.989990234375,672.6799926757812,668.1599731445312,669.2100219726562,70494400
2025-10-06 13:30:00,671.6199951171875,672.510009765625,669.4600219726562,671.6099853515625,54623300
2025-10-07 13:30:00,672.5399780273438,672.989990234375,667.6699829101562,669.1199951171875,72020100
2025-10-08 13:30:00,670.25,673.2100219726562,669.4199829101562,673.1099853515625,60702200
2025-10-09 13:30:00,673.530029296875,673.9400024414062,669.2100219726562,671.1599731445312,66501900
2025-10-10 13:30:00,672.1300048828125,673.9500122070312,652.8400268554688,653.02001953125,159422600
2025-10-13 13:30:00,660.6500244140625,665.1300048828125,659.77001953125,663.0399780273438,79560500
2025-10-14 13:30:00,657.1699829101562,665.8300170898438,653.1699829101562,662.22998046875,88779600
2025-10-15 13:30:00,666.8200073242188,670.22998046875,658.9299926757812,665.1699829101562,81702600
2025-10-16 13:30:00,666.8200073242188,668.7100219726562,657.1099853515625,660.6400146484375,110563300
2025-10-17 13:30:00,659.5,665.760009765625,658.1400146484375,664.3900146484375,96500900
2025-10-20 13:30:00,667.3200073242188,672.2100219726562,667.27001953125,671.2999877929688,60493400
2025-10-21 13:30:00,671.4400024414062,672.989990234375,669.97998046875,671.2899780273438,56249000
2025-10-22 13:30:00,672.0,672.0,663.2999877929688,667.7999877929688,80564000
2025-10-23 13:30:00,668.1199951171875,672.7100219726562,667.7999877929688,671.760009765625,65604500
2025-10-24 13:30:00,676.4600219726562,678.469970703125,675.6500244140625,677.25,74356500
2025-10-27 13:30:00,682.72998046875,685.5399780273438,682.1199951171875,685.239990234375,63339800
2025-10-28 13:30:00,687.0499877929688,688.9099731445312,684.8300170898438,687.0599975585938,61738100
2025-10-29 13:30:00,688.719970703125,689.7000122070312,682.8699951171875,687.3900146484375,85657100
2025-10-30 13:30:00,683.9000244140625,685.9400024414062,679.8300170898438,679.8300170898438,76335800
2025-10-31 13:30:00,685.0399780273438,685.0800170898438,679.239990234375,682.0599975585938,87164100
2025-11-03 14:30:00,685.6699829101562,685.7999877929688,679.9400024414062,683.3400268554688,57315000
2025-11-04 14:30:00,676.1099853515625,679.9600219726562,674.5800170898438,675.239990234375,78427000
2025-11-05 14:30:00,674.97998046875,680.8599853515625,674.1699829101562,677.5800170898438,74402400
2025-11-06 14:30:00,676.469970703125,677.3800048828125,668.719970703125,670.3099975585938,85035300
2025-11-07 14:30:00,667.9099731445312,671.0800170898438,661.2100219726562,670.969970703125,100592400
2025-11-10 14:30:00,677.239990234375,682.1799926757812,675.030029296875,681.4400024414062,75842900
2025-11-11 14:30:00,679.9500122070312,683.5700073242188,678.72998046875,683.0,58953400
2025-11-12 14:30:00,684.7899780273438,684.9600219726562,680.9500122070312,683.3800048828125,62312500
2025-11-13 14:30:00,680.5,680.8599853515625,670.52001953125,672.0399780273438,103457800
2025-11-14 14:30:00,665.3800048828125,675.6599731445312,663.27001953125,671.9299926757812,96846700
2025-11-17 14:30:00,669.7000122070312,673.7100219726562,662.1699829101562,665.6699829101562,90456100
2025-11-18 14:30:00,662.0999755859375,665.1199951171875,655.8599853515625,660.0800170898438,114467500
2025-11-19 14:30:00,660.780029296875,667.3400268554688,658.75,662.6300048828125,94703000
2025-11-20 14:30:00,672.9099731445312,675.5599975585938,651.8900146484375,652.530029296875,165293500
2025-11-21 14:30:00,655.0499877929688,664.5499877929688,650.8499755859375,659.030029296875,123956200
2025-11-24 14:30:00,662.6900024414062,670.0599975585938,661.5900268554688,668.72998046875,80437900
2025-11-25 14:30:00,668.6300048828125,676.2100219726562,664.47998046875,675.02001953125,81077100
2025-11-26 14:30:00,677.6300048828125,681.7000122070312,676.719970703125,679.6799926757812,71879600
2025-11-28 14:30:00,680.8599853515625,683.6699829101562,680.5,683.3900146484375,49212000
2025-12-01 14:30:00,678.8099975585938,682.989990234375,678.739990234375,680.27001953125,61201200
2025-12-02 14:30:00,681.9199829101562,683.8200073242188,679.3300170898438,681.530029296875,62953800
2025-12-03 14:30:00,680.5700073242188,684.9099731445312,679.6900024414062,683.8900146484375,57238500
2025-12-04 14:30:00,685.2999877929688,685.3699951171875,681.3400268554688,684.3900146484375,61970300
2025-12-05 14:30:00,685.469970703125,688.3900146484375,684.5800170898438,685.6900024414062,79241000
2025-12-08 14:30:00,686.5900268554688,686.6400146484375,681.5700073242188,683.6300048828125,55231500
2025-12-09 14:30:00,683.1500244140625,685.3900146484375,682.5900268554688,683.0399780273438,58310100
2025-12-10 14:30:00,682.5599975585938,688.969970703125,681.3099975585938,687.5700073242188,85671300
2025-12-11 14:30:00,685.1400146484375,689.25,682.1699829101562,689.1699829101562,86173700
2025-12-12 14:30:00,688.1699829101562,688.8800048828125,679.1699829101562,681.760009765625,113160300
2025-12-15 14:30:00,685.739990234375,685.760009765625,679.25,680.72998046875,90811000
2025-12-16 14:30:00,679.22998046875,681.0800170898438,674.97998046875,678.8699951171875,122030600
2025-12-17 14:30:00,679.8900146484375,680.4400024414062,671.2000122070312,671.4000244140625,110625200
2025-12-18 14:30:00,677.5999755859375,680.739990234375,674.9000244140625,676.469970703125,108650100
2025-12-19 14:30:00,676.5900268554688,681.0900268554688,676.469970703125,680.5900268554688,103599500
2025-12-22 14:30:00,683.9400024414062,685.3599853515625,680.5900268554688,684.8300170898438,69556700
2025-12-23 14:30:00,683.9199829101562,688.2000122070312,683.8699951171875,687.9600219726562,64840000
2025-12-24 14:30:00,687.9500122070312,690.8300170898438,687.7999877929688,690.3800048828125,39445600
2025-12-26 14:30:00,690.6400146484375,691.6599731445312,689.27001953125,690.3099975585938,41613300
2025-12-29 14:30:00,687.5399780273438,689.2000122070312,686.0700073242188,687.8499755859375,62559500
2025-12-30 14:30:00,687.4500122070312,688.5599975585938,686.5800170898438,687.010009765625,47160700
2025-12-31 14:30:00,687.1400146484375,687.3599853515625,681.7100219726562,681.9199829101562,74144800
2026-01-02 14:30:00,685.7100219726562,686.8699951171875,679.8200073242188,683.1699829101562,89377200
2026-01-05 14:30:00,686.5399780273438,689.4299926757812,686.3800048828125,687.719970703125,71927200
2026-01-06 14:30:00,687.9299926757812,692.3200073242188,687.780029296875,691.8099975585938,69273800
2026-01-07 14:30:00,692.1900024414062,693.9600219726562,689.3200073242188,689.5800170898438,75588300
2026-01-08 14:30:00,688.8200073242188,690.6199951171875,687.489990234375,689.510009765625,64019200
2026-01-09 14:30:00,690.6300048828125,695.3099975585938,689.1799926757812,694.0700073242188,80125500
2026-01-12 14:30:00,690.6799926757812,696.0900268554688,690.6300048828125,695.1599731445312,63976000
2026-01-13 14:30:00,695.489990234375,696.0900268554688,691.3499755859375,693.77001953125,78309700
2026-01-14 14:30:00,691.0,691.719970703125,686.0399780273438,690.3599853515625,94676700
2026-01-15 14:30:00,694.5700073242188,695.4500122070312,691.25,692.239990234375,77862000
2026-01-16 14:30:00,693.6599731445312,694.25,690.0999755859375,691.6599731445312,79289200
2026-01-20 14:30:00,681.489990234375,684.77001953125,676.5700073242188,677.5800170898438,111623300
2026-01-21 14:30:00,679.6500244140625,688.739990234375,678.1300048828125,685.4000244140625,127844500
2026-01-22 14:30:00,689.8499755859375,691.1300048828125,686.9199829101562,688.97998046875,77112200
2026-01-23 14:30:00,688.1500244140625,690.9600219726562,687.1599731445312,689.22998046875,63059600
2026-01-26 14:30:00,690.489990234375,694.1300048828125,689.9199829101562,692.72998046875,60473800
2026-01-27 14:30:00,694.1799926757812,696.530029296875,693.5700073242188,695.489990234375,55506100
2026-01-28 14:30:00,697.0499877929688,697.8400268554688,693.9400024414062,695.4199829101562,61172200
2026-01-29 14:30:00,696.3900146484375,697.0599975585938,684.8300170898438,694.0399780273438,97486200
2026-01-30 14:30:00,691.7899780273438,694.2100219726562,687.1199951171875,691.969970703125,101835100
2026-02-02 14:30:00,689.5800170898438,696.9299926757812,689.4199829101562,695.4099731445312,79286500
2026-02-03 14:30:00,696.2100219726562,696.9600219726562,684.030029296875,689.530029296875,107904600
2026-02-04 14:30:00,690.3499755859375,691.4500122070312,681.760009765625,686.1900024414062,105204600
2026-02-05 14:30:00,680.9400024414062,683.6900024414062,675.7899780273438,677.6199951171875,113610800
2026-02-06 14:30:00,681.4600219726562,692.3099975585938,680.8499755859375,690.6199951171875,89127600
2026-02-09 14:30:00,689.4199829101562,695.8699951171875,688.3400268554688,693.9500122070312,73885200
2026-02-10 14:30:00,694.9500122070312,696.5399780273438,691.6599731445312,692.1199951171875,65185700
2026-02-11 14:30:00,696.3900146484375,697.1400146484375,689.1799926757812,691.9600219726562,76353900
2026-02-12 14:30:00,694.239990234375,695.3499755859375,680.3699951171875,681.27001953125,118829000
2026-02-13 14:30:00,681.6900024414062,686.280029296875,677.52001953125,681.75,96267500
2026-02-17 14:30:00,680.1400146484375,684.9400024414062,675.780029296875,682.8499755859375,81354700
2026-02-18 14:30:00,684.02001953125,689.1500244140625,682.8300170898438,686.2899780273438,73570300
2026-02-19 14:30:00,683.8400268554688,686.1799926757812,681.5499877929688,684.47998046875,58649400
2026-02-20 14:30:00,682.3200073242188,690.0599975585938,681.72998046875,689.4299926757812,100034000
2026-02-23 14:30:00,687.8300170898438,690.0,680.3699951171875,682.3900146484375,90558100
2026-02-24 14:30:00,681.9000244140625,688.3499755859375,680.0,687.3499755859375,73798700
2026-02-25 14:30:00,690.1799926757812,693.6799926757812,690.0999755859375,693.1500244140625,56369500
2026-02-26 14:30:00,693.280029296875,693.2999877929688,684.3499755859375,689.2999877929688,71671000
2026-02-27 14:30:00,683.0900268554688,686.8599853515625,681.6400146484375,685.989990234375,83308900
2026-03-02 14:30:00,678.7000122070312,688.6199951171875,678.02001953125,686.3800048828125,87477200
2026-03-03 14:30:00,675.0599975585938,682.6099853515625,669.6599731445312,680.3300170898438,105003100
2026-03-04 14:30:00,681.6300048828125,687.0900268554688,679.6199951171875,685.1300048828125,79182200
2026-03-05 14:30:00,682.0800170898438,685.530029296875,675.6099853515625,681.3099975585938,106606500
2026-03-06 14:30:00,673.4099731445312,676.1099853515625,669.760009765625,672.3800048828125,100687000
2026-03-09 13:30:00,666.3900146484375,679.9199829101562,662.3900146484375,678.27001953125,102667700
2026-03-10 13:30:00,677.719970703125,683.3599853515625,674.760009765625,677.1799926757812,81505300
2026-03-11 13:30:00,677.5800170898438,680.0800170898438,673.3400268554688,676.3300170898438,68441700
2026-03-12 13:30:00,671.1599731445312,671.6500244140625,665.8699951171875,666.0599975585938,108882200
2026-03-13 13:30:00,669.27001953125,672.3400268554688,661.3599853515625,662.2899780273438,97200200
2026-03-16 13:30:00,668.3800048828125,672.0700073242188,667.1199951171875,669.030029296875,82023100
2026-03-17 13:30:00,672.3900146484375,674.4400024414062,669.7000122070312,670.7899780273438,87128000
2026-03-18 13:30:00,668.3599853515625,669.719970703125,661.1900024414062,661.4299926757812,82062600
2026-03-19 13:30:00,656.969970703125,662.97998046875,655.1699829101562,659.7999877929688,111272500
2026-03-20 13:30:00,656.510009765625,656.6900024414062,644.719970703125,648.5700073242188,163617500
2026-03-23 13:30:00,658.0700073242188,662.6199951171875,653.9400024414062,655.3800048828125,134802700
2026-03-24 13:30:00,651.3200073242188,657.030029296875,649.8800048828125,653.1799926757812,96457500
2026-03-25 13:30:00,658.6699829101562,660.8900146484375,654.239990234375,656.8200073242188,90653800
2026-03-26 13:30:00,652.0599975585938,654.8499755859375,644.8200073242188,645.0900268554688,96494400
2026-03-27 13:30:00,642.5,642.6599731445312,633.1099853515625,634.0900268554688,103649400
2026-03-30 13:30:00,640.1099853515625,640.3699951171875,629.280029296875,631.969970703125,99275900
2026-03-31 13:30:00,638.9400024414062,651.5399780273438,637.97998046875,650.3400268554688,152534100
2026-04-01 13:30:00,653.9000244140625,658.52001953125,653.0,655.239990234375,97841500
2026-04-02 13:30:00,646.4199829101562,658.2000122070312,645.1099853515625,655.8300170898438,68358700
2026-04-06 13:30:00,655.8599853515625,659.719970703125,655.52001953125,658.9299926757812,39105800
2026-04-07 13:30:00,656.6500244140625,659.6099853515625,651.0599975585938,659.219970703125,69980400
2026-04-08 13:30:00,676.3900146484375,677.0800170898438,671.4600219726562,676.010009765625,93606100
2026-04-09 13:30:00,674.8400268554688,681.1599731445312,673.77001953125,679.9099731445312,57134400
2026-04-10 13:30:00,681.3200073242188,682.030029296875,678.4500122070312,679.4600219726562,42253500
2026-04-13 13:30:00,677.4099731445312,686.2999877929688,676.5800170898438,686.0999755859375,54185800
2026-04-14 13:30:00,687.6900024414062,694.5800170898438,687.6599731445312,694.4600219726562,63480500
2026-04-15 13:30:00,695.260009765625,700.280029296875,694.2000122070312,699.9400024414062,58240400
2026-04-16 13:30:00,701.0599975585938,702.780029296875,698.530029296875,701.6599731445312,49972400
2026-04-17 13:30:00,706.1400146484375,712.3900146484375,705.760009765625,710.1400146484375,70661900
2026-04-20 13:30:00,708.780029296875,709.9099731445312,706.1400146484375,708.719970703125,43546800
2026-04-21 13:30:00,710.280029296875,711.280029296875,702.6400146484375,704.0800170898438,58941400
2026-04-22 13:30:00,709.1500244140625,711.4500122070312,708.219970703125,711.2100219726562,42518500
2026-04-23 13:30:00,709.5,712.3599853515625,702.280029296875,708.4500122070312,56174000
2026-04-24 13:30:00,710.75,714.469970703125,709.010009765625,713.9400024414062,45182000
2026-04-27 13:30:00,713.1699829101562,715.6300048828125,712.2999877929688,715.1699829101562,33135900
2026-04-28 13:30:00,711.8200073242188,712.8800048828125,709.25,711.6900024414062,43117400
2026-04-29 13:30:00,711.0,712.2000122070312,708.3699951171875,711.5800170898438,41859200
2026-04-30 13:30:00,714.6300048828125,719.7899780273438,710.4500122070312,718.6599731445312,67240900
2026-05-01 13:30:00,721.25,724.8699951171875,720.469970703125,720.6500244140625,43049800
2026-05-04 13:30:00,720.0700073242188,722.1199951171875,714.989990234375,718.010009765625,51950600
2026-05-05 13:30:00,721.77001953125,725.0399780273438,721.489990234375,723.77001953125,36933200
2026-05-06 13:30:00,728.1599731445312,734.5900268554688,727.8200073242188,733.8300170898438,53288900
2026-05-07 13:30:00,735.0499877929688,736.1300048828125,729.75,731.5800170898438,51724600
2026-05-08 13:30:00,734.9299926757812,738.0800170898438,734.5700073242188,737.6199951171875,47227100
2026-05-11 13:30:00,736.4500122070312,740.7899780273438,736.4500122070312,739.2999877929688,44024000
2026-05-12 13:30:00,736.8900146484375,738.8400268554688,731.8300170898438,738.1799926757812,54185300
2026-05-13 13:30:00,738.469970703125,743.9099731445312,735.469970703125,742.3099975585938,44200200
2026-05-14 13:30:00,743.6500244140625,749.530029296875,743.5599975585938,748.1699829101562,45307600
2026-05-15 13:30:00,741.7899780273438,743.4600219726562,737.9600219726562,739.1699829101562,60410800
2026-05-18 13:30:00,739.8300170898438,741.4199829101562,733.3900146484375,738.6500244140625,47843900
2026-05-19 13:30:00,734.780029296875,737.6500244140625,731.530029296875,733.72998046875,54255900
2026-05-20 13:30:00,735.7100219726562,741.8699951171875,733.8900146484375,741.25,45768000
2026-05-21 13:30:00,738.6400146484375,744.8699951171875,737.030029296875,742.719970703125,43332200
2026-05-22 13:30:00,746.239990234375,748.9400024414062,744.47998046875,745.6400146484375,41762000
2026-05-26 13:30:00,750.010009765625,752.1300048828125,748.3699951171875,750.5900268554688,41123600
2026-05-27 13:30:00,750.8800048828125,751.3800048828125,748.219970703125,750.4600219726562,42106300
2026-05-28 13:30:00,750.25,755.1500244140625,749.22998046875,754.5999755859375,41562600
2026-05-29 13:30:00,755.9000244140625,758.0800170898438,754.6900024414062,756.47998046875,55075700
2026-06-01 13:30:00,755.3599853515625,760.280029296875,754.6900024414062,758.5399780273438,43634900
2026-06-02 13:30:00,757.030029296875,760.4000244140625,756.75,759.5700073242188,31581900
2026-06-03 13:30:00,758.1500244140625,758.7999877929688,753.5700073242188,754.239990234375,51402500
2026-06-04 13:30:00,752.0999755859375,758.3099975585938,751.469970703125,757.0900268554688,49923000
2026-06-05 13:30:00,752.3099975585938,752.8200073242188,735.530029296875,737.5499877929688,93989400
2026-06-08 13:30:00,743.3599853515625,745.3400268554688,738.1900024414062,739.219970703125,49319100
2026-06-09 13:30:00,743.6300048828125,746.9000244140625,722.5900268554688,737.0499877929688,87683500
2026-06-10 13:30:00,733.3900146484375,738.3800048828125,725.3300170898438,725.4299926757812,60341300
2026-06-11 13:30:00,728.760009765625,740.0,724.4099731445312,737.760009765625,86330500
2026-06-12 13:30:00,740.7100219726562,744.4400024414062,735.030029296875,741.75,57079500
2026-06-15 13:30:00,751.8499755859375,756.6799926757812,751.760009765625,754.8300170898438,60176400
2026-06-16 13:30:00,754.5499877929688,755.4400024414062,749.8800048828125,750.3300170898438,67093100
2026-06-17 13:30:00,751.2899780273438,752.1500244140625,739.219970703125,740.9600219726562,85945200
2026-06-18 13:30:00,747.760009765625,748.22998046875,743.8599853515625,746.739990234375,80875700
2026-06-22 13:30:00,747.7000122070312,750.1799926757812,743.1300048828125,744.3900146484375,46628100
2026-06-23 13:30:00,733.8099975585938,739.6300048828125,732.2999877929688,733.5800170898438,66846800
2026-06-24 13:30:00,735.1699829101562,739.9500122070312,730.8400268554688,733.239990234375,57439500
2026-06-25 13:30:00,738.9099731445312,739.3699951171875,729.5999755859375,734.2999877929688,53934400
2026-06-26 13:30:00,728.9500122070312,736.530029296875,716.5800170898438,728.989990234375,71034000
2026-06-29 13:30:00,736.530029296875,741.5599975585938,732.0900268554688,741.0,58035200
2026-06-30 13:30:00,741.2899780273438,748.02001953125,740.8900146484375,746.77001953125,55626000
2026-07-01 13:30:00,745.0,749.4400024414062,742.3800048828125,745.760009765625,47100900
2026-07-02 13:30:00,747.4000244140625,751.3099975585938,740.030029296875,744.780029296875,57447800
2026-07-06 13:30:00,748.739990234375,752.4099731445312,747.4099731445312,751.280029296875,50673300
2026-07-07 13:30:00,750.219970703125,750.9600219726562,745.2100219726562,747.7100219726562,43721500
2026-07-08 13:30:00,743.1599731445312,746.1500244140625,739.510009765625,745.4000244140625,43767400
2026-07-09 13:30:00,747.3499755859375,751.969970703125,745.5900268554688,751.7100219726562,41441700
2026-07-10 13:30:00,752.0499877929688,755.4199829101562,748.0999755859375,754.9500122070312,42191300
2026-07-13 13:30:00,752.469970703125,753.9099731445312,748.0,749.1699829101562,44013600
2026-07-14 13:30:00,750.9099731445312,753.3400268554688,748.6599731445312,751.8300170898438,35143100
2026-07-15 13:30:00,754.239990234375,755.5800170898438,750.2000122070312,754.8099975585938,43844800
2026-07-16 13:30:00,752.760009765625,754.5700073242188,747.8800048828125,750.719970703125,46409800
2026-07-17 13:30:00,742.0800170898438,747.2899780273438,740.7999877929688,743.2899780273438,62651000
2026-07-20 13:30:00,747.0599975585938,748.72998046875,741.510009765625,742.0900268554688,50422300
2026-07-21 13:30:00,746.2899780273438,749.0399780273438,744.1799926757812,748.280029296875,34324300
2026-07-22 13:30:00,746.6199951171875,750.02001953125,746.3699951171875,747.4099731445312,32836200
2026-07-23 13:30:00,739.3699951171875,742.5599975585938,735.2100219726562,738.1799926757812,55437300
2026-07-24 13:30:00,738.510009765625,743.719970703125,737.2899780273438,738.9299926757812,44782000
2026-07-27 13:30:00,744.9099731445312,745.530029296875,735.8699951171875,739.0900268554688,41461200
2026-07-28 13:30:00,739.1900024414062,742.7899780273438,735.97998046875,740.8599853515625,47322200
2026-07-29 13:30:00,739.969970703125,742.6799926757812,729.0999755859375,729.4600219726562,70697200
2026-07-30 13:30:00,736.0499877929688,742.4500122070312,734.5900268554688,741.6900024414062,66811300
2026-07-31 13:30:00,744.6799926757812,748.9000244140625,737.6799926757812,747.030029296875,62445900
2026-08-03 13:30:00,749.4400024414062,758.5800170898438,748.7999877929688,757.6699829101562,59927500
2026-08-04 13:30:00,760.6300048828125,773.4099731445312,760.52001953125,771.3300170898438,69059900
2026-08-05 13:30:00,775.8499755859375,776.8499755859375,774.3900146484375,775.6300048828125,6698643
